EmpNumber,DistanceFromHome,EmpEducationLevel,EmpEnvironmentSatisfaction,EmpJobInvolvement,EmpJobLevel,EmpJobSatisfaction,EmpLastSalaryHikePercent,EmpRelationshipSatisfaction,EmpWorkLifeBalance,ExperienceYearsInCurrentRole,YearsSinceLastPromotion,PerformanceRating,Gender_Female,Gender_Male,MaritalStatus_Divorced,MaritalStatus_Married,MaritalStatus_Single,OverTime_No,OverTime_Yes,EducationBackground_Human Resources,EducationBackground_Life Sciences,EducationBackground_Marketing,EducationBackground_Medical,EducationBackground_Other,EducationBackground_Technical Degree,EmpDepartment_Data Science,EmpDepartment_Development,EmpDepartment_Finance,EmpDepartment_Human Resources,EmpDepartment_Research & Development,EmpDepartment_Sales
E1001000,10,3,4,3,2,4,12,4,2,7,0,3,0,1,0,0,1,1,0,0,0,1,0,0,0,0,0,0,0,0,1
E1001006,14,4,4,3,2,1,12,4,3,7,1,3,0,1,0,0,1,1,0,0,0,1,0,0,0,0,0,0,0,0,1
E1001007,5,4,4,2,3,1,21,3,3,13,1,4,0,1,0,1,0,0,1,0,1,0,0,0,0,0,0,0,0,0,1
E1001009,10,4,2,2,5,4,15,2,2,6,12,3,0,1,1,0,0,1,0,1,0,0,0,0,0,0,0,0,1,0,0
E1001010,16,4,1,3,2,1,14,4,3,2,2,3,0,1,0,0,1,1,0,0,0,1,0,0,0,0,0,0,0,0,1
E1001011,10,2,4,3,3,1,21,3,2,7,1,4,0,1,1,0,0,1,0,0,1,0,0,0,0,0,1,0,0,0,0
E1001016,8,4,4,3,1,2,15,4,3,2,2,3,0,1,0,1,0,1,0,0,0,1,0,0,0,0,0,0,0,0,1
E1001019,1,2,1,1,1,2,13,4,3,7,3,3,1,0,0,0,1,0,1,0,1,0,0,0,0,0,1,0,0,0,0
E1001020,8,3,1,4,3,1,14,1,3,7,0,3,1,0,0,1,0,1,0,0,1,0,0,0,0,0,1,0,0,0,0
E1001021,1,3,3,3,3,3,14,4,4,0,0,3,1,0,0,0,1,0,1,0,1,0,0,0,0,0,1,0,0,0,0
E1001022,24,3,1,1,1,3,14,3,3,2,1,3,0,1,0,0,1,1,0,0,0,0,1,0,0,0,1,0,0,0,0
E1001024,3,3,4,3,4,3,12,4,2,2,11,3,1,0,1,0,0,0,1,0,0,0,1,0,0,0,0,0,0,0,1
E1001025,27,5,3,3,2,4,23,4,2,7,7,4,0,1,1,0,0,1,0,0,0,1,0,0,0,0,0,0,0,0,1
E1001027,10,3,3,3,1,3,11,3,3,0,0,3,0,1,0,0,1,1,0,0,1,0,0,0,0,0,0,0,0,0,1
E1001030,19,3,3,4,1,3,12,4,3,2,2,3,0,1,1,0,0,0,1,0,0,0,1,0,0,0,1,0,0,0,0
E1001035,8,2,2,3,2,3,11,4,3,1,4,3,1,0,0,0,1,1,0,0,0,0,1,0,0,0,1,0,0,0,0
E1001038,3,3,3,4,2,2,15,3,1,3,3,3,1,0,0,1,0,1,0,1,0,0,0,0,0,0,0,0,1,0,0
E1001040,9,3,3,3,4,4,11,3,2,7,1,3,0,1,0,1,0,1,0,0,0,0,1,0,0,0,1,0,0,0,0
E1001041,2,1,4,2,1,4,20,4,2,2,2,4,1,0,0,0,1,0,1,0,0,0,1,0,0,0,1,0,0,0,0
E1001042,7,3,4,2,2,1,19,1,1,6,0,3,1,0,0,0,1,1,0,0,0,0,1,0,0,0,1,0,0,0,0
E1001044,10,3,4,3,1,2,14,4,3,2,2,3,0,1,1,0,0,1,0,0,0,1,0,0,0,0,0,0,0,0,1
E1001047,6,3,4,3,2,4,17,4,3,2,2,3,0,1,0,0,1,1,0,0,1,0,0,0,0,0,1,0,0,0,0
E1001049,2,4,4,3,2,1,11,1,4,0,0,3,1,0,1,0,0,1,0,0,1,0,0,0,0,0,1,0,0,0,0
E1001050,24,4,1,3,2,4,15,4,3,8,4,3,0,1,0,1,0,1,0,0,1,0,0,0,0,0,1,0,0,0,0
E1001053,8,5,2,3,2,1,14,3,3,0,0,3,1,0,1,0,0,1,0,0,1,0,0,0,0,0,1,0,0,0,0
E1001054,3,4,3,2,4,1,11,1,4,6,1,4,0,1,0,1,0,1,0,0,0,1,0,0,0,0,0,0,0,0,1
E1001058,1,4,4,3,1,4,13,3,2,9,7,3,0,1,0,0,1,0,1,0,0,0,0,1,0,0,1,0,0,0,0
E1001059,26,1,3,3,2,4,23,2,2,5,1,4,1,0,0,0,1,1,0,0,0,0,1,0,0,0,0,0,0,0,1
E1001061,2,2,2,1,2,3,13,1,3,7,3,3,0,1,0,0,1,1,0,0,0,0,0,0,1,0,0,0,0,0,1
E1001062,10,1,1,4,1,3,18,4,3,2,0,3,0,1,0,0,1,1,0,0,0,0,1,0,0,0,1,0,0,0,0
E1001063,27,2,2,4,2,3,12,4,3,4,1,3,1,0,0,0,1,0,1,0,1,0,0,0,0,0,0,0,0,0,1
E1001064,2,3,4,3,2,4,22,3,3,5,1,4,0,1,0,0,1,1,0,0,0,0,0,1,0,0,0,0,0,0,1
E1001067,8,4,1,2,3,1,15,2,3,7,0,3,0,1,0,0,1,1,0,0,1,0,0,0,0,0,0,0,0,0,1
E1001069,19,4,4,3,1,4,18,1,3,3,1,3,0,1,0,1,0,1,0,0,0,0,1,0,0,0,1,0,0,0,0
E1001070,1,2,1,1,1,4,14,1,3,2,2,3,1,0,1,0,0,1,0,0,1,0,0,0,0,0,1,0,0,0,0
E1001071,27,3,2,3,2,3,12,1,2,7,1,3,1,0,0,1,0,1,0,0,0,0,1,0,0,0,1,0,0,0,0
E1001074,8,3,4,2,2,1,17,3,2,3,1,3,0,1,0,0,1,1,0,0,0,0,0,0,1,0,0,0,0,0,1
E1001075,1,4,2,4,1,4,16,3,3,2,1,3,1,0,0,0,1,1,0,0,1,0,0,0,0,0,1,0,0,0,0
E1001077,19,4,4,3,2,1,11,2,3,3,1,3,1,0,1,0,0,0,1,0,0,0,1,0,0,0,1,0,0,0,0
E1001078,8,1,3,3,2,4,19,2,3,2,1,3,0,1,0,1,0,1,0,0,0,1,0,0,0,0,0,0,0,0,1
E1001080,10,1,4,3,1,1,13,2,2,3,4,3,1,0,1,0,0,0,1,0,1,0,0,0,0,0,1,0,0,0,0
E1001081,2,4,1,4,2,1,12,4,3,7,4,3,1,0,0,0,1,0,1,0,1,0,0,0,0,0,1,0,0,0,0
E1001082,2,4,3,2,1,1,11,3,3,5,1,3,1,0,0,0,1,1,0,0,0,0,1,0,0,0,1,0,0,0,0
E1001083,8,4,1,3,1,4,16,2,2,2,0,3,1,0,0,1,0,1,0,0,1,0,0,0,0,0,0,0,0,0,1
E1001085,2,2,3,4,2,2,24,4,3,7,3,4,1,0,0,1,0,1,0,0,0,0,1,0,0,0,1,0,0,0,0
E1001086,8,2,3,3,2,1,17,2,3,2,1,3,1,0,0,1,0,1,0,0,1,0,0,0,0,0,0,0,0,0,1
E1001090,9,3,3,2,1,2,11,3,3,0,0,3,0,1,1,0,0,1,0,0,1,0,0,0,0,0,1,0,0,0,0
E1001091,11,4,4,3,2,3,20,2,3,2,1,4,1,0,0,1,0,1,0,0,1,0,0,0,0,0,1,0,0,0,0
E1001093,2,3,3,3,4,3,16,4,3,3,0,3,0,1,0,1,0,1,0,0,0,0,1,0,0,0,1,0,0,0,0
E1001094,1,2,2,2,1,1,11,4,3,0,0,3,1,0,0,1,0,0,1,0,1,0,0,0,0,0,1,0,0,0,0
E1001095,7,3,3,3,3,3,11,4,4,9,3,3,0,1,0,1,0,1,0,0,0,0,1,0,0,0,1,0,0,0,0
E1001097,16,3,1,3,2,1,15,3,3,2,0,3,1,0,0,0,1,1,0,0,0,1,0,0,0,0,0,0,0,0,1
E1001098,2,2,3,3,4,4,11,3,2,14,3,3,1,0,0,1,0,0,1,0,0,0,0,1,0,0,1,0,0,0,0
E1001101,1,3,3,3,2,2,15,1,3,7,0,3,1,0,0,1,0,1,0,0,0,0,0,1,0,0,1,0,0,0,0
E1001102,23,2,3,4,1,3,24,3,3,7,0,4,0,1,0,1,0,1,0,0,1,0,0,0,0,0,1,0,0,0,0
E1001104,1,4,4,4,1,3,13,3,3,2,2,3,1,0,0,0,1,1,0,0,1,0,0,0,0,0,1,0,0,0,0
E1001105,1,2,4,2,2,4,13,4,3,3,0,3,1,0,0,1,0,0,1,0,1,0,0,0,0,0,1,0,0,0,0
E1001106,2,4,3,3,1,3,17,4,2,2,2,3,0,1,0,0,1,1,0,0,0,0,1,0,0,0,1,0,0,0,0
E1001107,13,3,3,3,1,2,13,2,3,2,0,3,0,1,0,1,0,1,0,1,0,0,0,0,0,0,0,0,1,0,0
E1001110,16,4,1,2,2,3,14,4,3,0,0,3,0,1,0,0,1,1,0,0,0,0,1,0,0,0,1,0,0,0,0
E1001111,2,3,3,2,2,4,24,2,2,0,0,4,1,0,0,0,1,0,1,0,0,0,1,0,0,0,1,0,0,0,0
E1001112,2,3,2,2,1,3,14,4,3,0,0,3,1,0,0,0,1,1,0,0,1,0,0,0,0,0,1,0,0,0,0
E1001114,29,3,2,3,2,2,13,4,2,8,7,3,0,1,0,1,0,1,0,0,1,0,0,0,0,0,1,0,0,0,0
E1001115,12,3,1,2,2,1,15,3,2,3,1,3,0,1,1,0,0,1,0,0,1,0,0,0,0,0,1,0,0,0,0
E1001118,11,3,3,3,3,4,18,1,4,8,7,3,1,0,0,1,0,1,0,0,0,1,0,0,0,0,0,0,0,0,1
E1001120,2,1,3,3,2,4,16,3,2,7,7,3,0,1,0,0,1,1,0,0,0,0,1,0,0,0,0,0,0,0,1
E1001121,14,2,2,3,4,1,24,3,3,1,1,3,0,1,0,1,0,1,0,0,1,0,0,0,0,0,1,0,0,0,0
E1001122,5,1,3,2,3,4,16,2,3,8,0,3,0,1,1,0,0,0,1,0,0,0,0,0,1,0,1,0,0,0,0
E1001123,7,3,3,3,3,3,21,2,4,5,1,4,0,1,0,0,1,1,0,0,0,0,0,1,0,0,1,0,0,0,0
E1001124,2,4,2,3,2,2,20,1,3,7,7,3,1,0,0,1,0,0,1,0,0,1,0,0,0,0,0,0,0,0,1
E1001126,5,2,3,2,1,3,14,1,3,7,1,3,1,0,0,1,0,0,1,0,0,0,1,0,0,0,1,0,0,0,0
E1001128,3,3,4,3,1,4,11,3,2,0,0,3,0,1,0,1,0,1,0,0,0,0,1,0,0,0,1,0,0,0,0
E1001129,26,4,1,3,4,3,14,3,2,6,4,3,1,0,0,1,0,1,0,0,0,1,0,0,0,0,0,0,0,0,1
E1001130,4,3,4,3,2,2,12,4,2,2,2,3,0,1,0,0,1,1,0,0,0,0,1,0,0,0,1,0,0,0,0
E1001132,2,1,1,4,1,1,13,3,2,3,0,3,0,1,0,0,1,1,0,0,0,0,1,0,0,0,1,0,0,0,0
E1001134,27,1,3,2,1,1,11,4,2,5,1,3,1,0,0,0,1,1,0,0,0,0,1,0,0,0,1,0,0,0,0
E1001135,1,2,2,3,2,4,14,4,2,14,4,3,0,1,0,1,0,0,1,0,1,0,0,0,0,0,0,0,0,0,1
E1001140,7,2,1,2,3,4,18,4,3,2,0,3,1,0,0,1,0,0,1,0,0,1,0,0,0,0,0,0,0,0,1
E1001142,9,3,4,3,3,1,12,3,3,4,0,3,0,1,1,0,0,0,1,0,0,1,0,0,0,0,0,0,0,0,1
E1001143,8,2,3,4,2,3,12,3,2,3,1,3,1,0,0,1,0,1,0,0,0,0,1,0,0,0,1,0,0,0,0
E1001146,16,4,4,2,2,3,19,4,3,0,0,3,0,1,1,0,0,1,0,0,0,1,0,0,0,0,0,0,0,0,1
E1001147,8,2,2,2,1,4,13,4,3,1,0,3,0,1,1,0,0,1,0,0,0,0,1,0,0,0,0,0,1,0,0
E1001150,1,2,4,2,2,4,22,1,1,2,2,3,0,1,0,1,0,1,0,0,1,0,0,0,0,0,1,0,0,0,0
E1001152,8,4,1,4,1,4,24,3,2,2,0,3,0,1,0,1,0,0,1,0,1,0,0,0,0,0,1,0,0,0,0
E1001153,2,1,2,3,1,4,14,4,3,1,2,3,0,1,0,0,1,0,1,0,0,0,1,0,0,0,1,0,0,0,0
E1001156,8,3,1,2,1,1,21,3,3,4,0,3,0,1,0,1,0,1,0,0,1,0,0,0,0,0,0,0,1,0,0
E1001157,3,1,3,3,2,1,18,4,3,3,0,3,0,1,0,1,0,0,1,0,0,0,0,1,0,0,0,0,0,0,1
E1001159,25,4,4,3,1,2,19,1,2,2,7,3,1,0,1,0,0,0,1,0,1,0,0,0,0,0,1,0,0,0,0
E1001160,1,3,4,3,1,4,12,2,3,0,0,3,0,1,1,0,0,1,0,0,1,0,0,0,0,0,1,0,0,0,0
E1001165,1,3,3,3,1,1,16,2,3,2,0,3,1,0,0,1,0,1,0,0,0,0,0,0,1,1,0,0,0,0,0
E1001166,4,1,1,2,1,4,17,4,2,2,3,3,0,1,0,1,0,1,0,0,1,0,0,0,0,0,1,0,0,0,0
E1001167,5,2,2,3,2,2,14,4,3,8,5,3,0,1,0,1,0,1,0,0,1,0,0,0,0,0,0,0,0,0,1
E1001171,9,3,2,2,1,2,19,4,3,2,1,3,0,1,0,1,0,1,0,0,0,1,0,0,0,0,0,0,0,0,1
E1001173,11,4,4,3,1,4,19,2,3,4,0,3,0,1,0,1,0,0,1,0,1,0,0,0,0,0,1,0,0,0,0
E1001175,8,3,1,3,4,4,14,3,3,0,2,3,0,1,0,1,0,1,0,0,0,1,0,0,0,0,0,0,0,0,1
E1001178,21,2,3,3,1,4,15,2,3,4,0,3,1,0,0,1,0,1,0,0,0,0,1,0,0,0,0,0,0,0,1
E1001179,23,4,4,3,4,4,18,3,3,9,3,3,1,0,0,0,1,1,0,0,1,0,0,0,0,0,1,0,0,0,0
E1001180,1,3,4,3,2,4,13,2,2,2,2,3,1,0,0,1,0,1,0,0,1,0,0,0,0,0,1,0,0,0,0
E1001181,2,2,3,3,2,4,22,1,3,6,7,4,1,0,0,1,0,0,1,0,0,1,0,0,0,0,0,0,0,0,1
E1001182,19,2,1,3,3,2,13,4,3,0,0,3,0,1,0,0,1,0,1,0,0,0,1,0,0,0,0,0,0,0,1
E1001183,2,4,1,3,4,1,11,4,3,6,14,3,0,1,1,0,0,1,0,0,1,0,0,0,0,0,1,0,0,0,0
E1001187,2,3,4,2,2,4,11,3,3,4,0,3,1,0,0,1,0,1,0,0,1,0,0,0,0,0,0,0,1,0,0
E1001188,3,2,4,3,1,2,11,3,4,3,0,3,0,1,1,0,0,0,1,1,0,0,0,0,0,0,0,0,1,0,0
E1001189,25,4,1,3,1,4,24,3,1,0,0,3,0,1,0,0,1,0,1,0,1,0,0,0,0,0,1,0,0,0,0
E1001191,9,2,2,3,1,1,13,4,3,7,7,3,0,1,0,1,0,0,1,0,1,0,0,0,0,0,1,0,0,0,0
E1001196,2,1,4,2,1,4,14,4,2,0,0,3,0,1,1,0,0,0,1,0,1,0,0,0,0,0,1,0,0,0,0
E1001200,2,3,3,2,1,3,13,4,2,2,0,3,1,0,0,0,1,1,0,0,0,0,1,0,0,0,0,0,0,0,1
E1001201,18,1,4,3,1,4,19,1,2,0,0,3,1,0,0,0,1,1,0,0,0,0,0,1,0,1,0,0,0,0,0
E1001202,14,1,3,3,2,4,17,1,2,8,4,3,0,1,0,1,0,0,1,0,1,0,0,0,0,1,0,0,0,0,0
E1001203,2,4,4,2,1,4,18,1,2,2,1,3,1,0,0,0,1,0,1,0,1,0,0,0,0,0,0,0,0,0,1
E1001204,3,1,2,3,2,3,19,1,4,2,0,3,1,0,0,1,0,0,1,0,1,0,0,0,0,0,1,0,0,0,0
E1001208,9,3,3,3,1,3,18,2,3,2,2,3,1,0,1,0,0,1,0,0,0,0,1,0,0,0,1,0,0,0,0
E1001210,6,3,4,3,1,1,21,4,1,2,2,3,0,1,0,1,0,0,1,0,0,0,1,0,0,0,1,0,0,0,0
E1001211,4,3,2,3,1,3,19,3,3,1,0,3,1,0,0,0,1,1,0,0,1,0,0,0,0,0,1,0,0,0,0
E1001212,10,3,2,3,1,2,14,2,3,0,1,3,0,1,1,0,0,1,0,0,1,0,0,0,0,0,1,0,0,0,0
E1001214,14,2,3,2,2,3,17,1,3,4,0,3,1,0,0,0,1,1,0,0,0,0,1,0,0,0,0,0,0,0,1
E1001217,1,4,3,2,1,1,11,2,3,2,0,3,0,1,0,0,1,0,1,0,0,0,0,1,0,0,1,0,0,0,0
E1001218,5,3,3,2,3,2,13,4,3,0,0,3,1,0,1,0,0,0,1,0,0,0,0,0,1,0,1,0,0,0,0
E1001219,7,4,2,2,1,3,15,2,4,7,5,3,0,1,0,1,0,1,0,0,1,0,0,0,0,0,0,0,0,0,1
E1001220,21,1,4,3,2,4,25,4,1,6,0,3,1,0,0,1,0,0,1,0,1,0,0,0,0,0,1,0,0,0,0
E1001223,20,4,4,3,1,3,17,1,2,0,0,3,0,1,0,1,0,1,0,0,0,0,1,0,0,1,0,0,0,0,0
E1001225,20,2,4,3,2,3,13,4,2,8,0,3,1,0,0,1,0,1,0,0,0,1,0,0,0,0,0,0,0,0,1
E1001227,7,4,2,3,1,4,18,3,3,2,0,3,0,1,0,0,1,1,0,0,0,0,0,1,0,0,1,0,0,0,0
E1001228,1,3,4,3,3,1,13,2,3,12,5,3,1,0,0,1,0,1,0,0,0,0,0,0,1,0,1,0,0,0,0
E1001229,1,3,3,2,1,2,20,3,3,0,0,4,1,0,0,1,0,1,0,0,1,0,0,0,0,0,1,0,0,0,0
E1001230,19,2,3,2,1,2,18,3,3,0,0,3,0,1,0,1,0,0,1,0,0,1,0,0,0,0,0,0,0,0,1
E1001235,6,3,4,3,1,1,13,3,3,13,2,3,0,1,0,0,1,0,1,0,0,0,1,0,0,0,1,0,0,0,0
E1001236,2,4,3,3,1,3,21,3,3,8,3,4,0,1,0,0,1,1,0,0,0,0,1,0,0,0,1,0,0,0,0
E1001237,21,3,4,2,1,2,13,2,4,0,0,3,0,1,0,0,1,0,1,0,0,0,0,1,0,0,0,0,0,0,1
E1001238,4,3,1,3,1,1,19,2,3,0,0,3,0,1,0,0,1,1,0,0,0,0,0,0,1,0,1,0,0,0,0
E1001239,12,3,4,3,2,4,11,3,1,7,8,3,1,0,0,1,0,0,1,0,0,0,1,0,0,0,1,0,0,0,0
E1001245,3,1,3,2,3,4,11,1,3,7,3,3,0,1,0,1,0,0,1,0,1,0,0,0,0,0,0,0,0,0,1
E1001248,1,4,1,2,3,3,11,3,1,1,11,2,0,1,0,1,0,1,0,0,1,0,0,0,0,0,0,0,0,0,1
E1001250,4,2,3,3,2,2,12,2,2,7,0,3,0,1,0,1,0,1,0,0,1,0,0,0,0,0,1,0,0,0,0
E1001252,20,3,3,3,1,4,15,2,3,1,0,3,1,0,0,1,0,1,0,0,0,0,0,0,1,0,0,0,0,0,1
E1001253,18,3,3,3,2,3,16,2,3,2,1,3,1,0,0,1,0,1,0,0,0,0,1,0,0,0,0,0,0,0,1
E1001254,1,2,4,3,4,4,15,2,2,8,7,3,0,1,0,1,0,1,0,0,1,0,0,0,0,0,1,0,0,0,0
E1001259,2,2,3,3,4,3,13,3,4,13,15,3,0,1,1,0,0,1,0,0,0,0,1,0,0,0,0,0,0,0,1
E1001260,8,2,3,3,3,3,11,1,4,4,7,3,0,1,1,0,0,1,0,0,0,0,0,1,0,0,0,0,0,0,1
E1001262,3,4,4,3,3,4,13,2,3,9,0,3,0,1,1,0,0,1,0,0,1,0,0,0,0,0,0,0,0,0,1
E1001263,2,5,1,4,3,3,18,4,3,7,0,3,0,1,0,0,1,1,0,0,1,0,0,0,0,0,0,0,0,0,1
E1001264,24,3,2,4,4,2,16,4,2,0,0,3,1,0,0,0,1,0,1,0,1,0,0,0,0,0,0,0,0,0,1
E1001265,16,4,3,4,2,3,19,3,4,10,2,3,0,1,1,0,0,0,1,0,0,0,1,0,0,0,1,0,0,0,0
E1001268,8,4,1,3,2,4,13,4,3,7,0,3,0,1,1,0,0,1,0,0,0,0,0,0,1,0,0,0,0,0,1
E1001269,9,2,3,2,1,1,22,1,3,2,1,4,0,1,0,0,1,0,1,0,0,0,1,0,0,0,1,0,0,0,0
E1001270,17,3,4,3,4,3,11,4,3,8,6,3,0,1,0,0,1,1,0,0,1,0,0,0,0,0,0,0,0,0,1
E1001272,10,3,4,2,1,1,20,3,3,0,0,4,1,0,0,0,1,0,1,0,1,0,0,0,0,0,1,0,0,0,0
E1001273,13,1,2,3,1,4,18,1,3,2,0,3,1,0,0,0,1,1,0,0,1,0,0,0,0,0,1,0,0,0,0
E1001274,1,4,4,3,1,4,14,4,3,3,0,3,1,0,1,0,0,1,0,0,0,0,1,0,0,0,1,0,0,0,0
E1001275,1,2,4,3,4,4,22,3,2,4,1,4,0,1,1,0,0,1,0,0,0,0,1,0,0,0,1,0,0,0,0
E1001276,1,4,3,4,2,2,13,1,3,5,1,3,1,0,0,1,0,0,1,0,0,0,0,1,0,0,1,0,0,0,0
E1001277,9,3,1,3,5,3,17,2,4,16,0,3,0,1,1,0,0,1,0,0,0,0,1,0,0,0,1,0,0,0,0
E1001280,23,2,4,3,2,1,15,3,3,8,0,3,0,1,0,1,0,0,1,0,1,0,0,0,0,0,1,0,0,0,0
E1001281,4,2,4,3,2,4,17,3,3,0,0,3,1,0,0,0,1,0,1,0,1,0,0,0,0,0,0,0,0,0,1
E1001282,22,3,1,3,1,3,11,2,3,2,0,3,1,0,0,1,0,0,1,0,1,0,0,0,0,0,1,0,0,0,0
E1001283,24,3,4,3,4,3,18,4,3,11,1,3,0,1,0,1,0,0,1,0,1,0,0,0,0,0,1,0,0,0,0
E1001284,10,1,3,3,1,3,17,2,2,1,0,3,0,1,0,1,0,1,0,0,0,0,1,0,0,0,0,0,0,1,0
E1001288,14,4,3,2,1,2,24,4,1,2,0,3,0,1,1,0,0,0,1,0,0,0,0,1,0,0,0,0,0,1,0
E1001289,1,1,3,3,2,1,12,3,3,3,0,3,1,0,0,1,0,1,0,0,1,0,0,0,0,0,0,0,0,1,0
E1001290,5,2,2,3,1,4,15,4,3,0,0,3,0,1,0,0,1,1,0,0,1,0,0,0,0,0,0,0,0,1,0
E1001291,17,3,3,3,3,3,11,3,3,7,0,3,1,0,0,1,0,1,0,0,0,0,0,0,1,0,0,0,0,1,0
E1001292,25,4,3,3,3,3,11,3,2,10,10,3,1,0,1,0,0,0,1,0,0,0,1,0,0,0,0,0,0,1,0
E1001293,8,2,2,4,3,1,12,3,2,7,1,2,1,0,0,1,0,0,1,0,1,0,0,0,0,0,0,0,0,1,0
E1001296,2,2,4,4,2,4,12,2,3,7,1,3,0,1,0,1,0,1,0,0,0,0,1,0,0,0,0,0,0,1,0
E1001297,8,1,2,1,1,1,15,1,2,3,1,2,0,1,0,1,0,1,0,0,1,0,0,0,0,0,0,0,0,1,0
E1001300,6,3,1,2,2,3,13,4,3,2,2,2,0,1,0,0,1,1,0,0,1,0,0,0,0,0,0,0,0,1,0
E1001302,4,4,3,2,3,3,14,2,3,11,4,3,0,1,0,0,1,1,0,0,1,0,0,0,0,0,0,0,0,1,0
E1001303,7,2,4,3,2,3,14,2,3,2,2,3,1,0,0,0,1,1,0,0,0,0,1,0,0,0,0,0,0,1,0
E1001304,1,1,4,2,4,4,16,3,3,6,11,3,1,0,0,1,0,1,0,0,1,0,0,0,0,0,0,0,0,1,0
E1001305,2,4,1,3,2,4,18,2,3,2,2,2,1,0,0,1,0,1,0,0,1,0,0,0,0,0,0,0,0,1,0
E1001306,10,3,2,3,1,4,20,1,2,2,1,2,0,1,1,0,0,1,0,0,0,0,0,1,0,0,0,0,0,1,0
E1001307,5,2,4,3,5,3,13,2,4,0,0,4,0,1,0,1,0,1,0,0,0,1,0,0,0,0,0,0,0,0,1
E1001308,9,3,1,3,1,4,18,2,3,0,0,3,0,1,0,1,0,1,0,0,1,0,0,0,0,0,0,0,0,1,0
E1001310,2,3,3,2,4,4,13,1,3,3,4,3,1,0,0,0,1,0,1,0,1,0,0,0,0,0,0,0,0,1,0
E1001312,18,4,3,3,2,2,14,4,3,7,6,3,0,1,0,1,0,0,1,0,0,0,1,0,0,0,0,0,0,1,0
E1001313,7,1,2,1,5,3,22,2,3,16,5,2,1,0,1,0,0,1,0,0,1,0,0,0,0,0,0,0,0,1,0
E1001314,3,4,2,3,2,4,12,3,3,0,0,3,0,1,0,0,1,0,1,0,1,0,0,0,0,0,0,0,0,0,1
E1001315,29,2,2,1,2,1,18,4,3,2,2,2,0,1,0,0,1,1,0,0,0,0,1,0,0,0,0,0,0,0,1
E1001316,2,1,1,1,5,4,15,4,3,14,6,2,1,0,0,1,0,1,0,0,0,1,0,0,0,0,0,0,0,0,1
E1001317,28,3,4,4,4,4,18,3,3,11,11,3,1,0,0,1,0,0,1,0,0,0,1,0,0,0,0,0,0,0,1
E1001318,1,3,4,3,2,3,12,1,3,7,0,3,1,0,0,1,0,1,0,0,1,0,0,0,0,0,0,0,0,0,1
E1001321,22,3,4,3,3,1,13,3,3,6,2,3,1,0,0,0,1,0,1,0,0,0,1,0,0,0,0,0,0,1,0
E1001322,8,1,2,2,1,4,19,4,2,2,2,2,1,0,0,0,1,1,0,0,1,0,0,0,0,0,0,0,0,0,1
E1001323,11,2,4,3,4,4,13,2,4,3,1,3,1,0,0,1,0,1,0,0,1,0,0,0,0,0,0,0,0,0,1
E1001324,29,4,4,3,1,3,12,2,3,7,7,3,1,0,0,0,1,1,0,0,0,0,1,0,0,0,0,0,0,1,0
E1001325,1,4,2,4,2,4,11,4,2,1,0,3,0,1,1,0,0,1,0,0,0,1,0,0,0,0,0,0,0,0,1
E1001326,1,2,2,3,3,4,14,3,1,4,0,3,0,1,0,1,0,0,1,0,0,0,0,0,1,0,0,0,0,0,1
E1001327,24,4,2,3,1,2,16,1,3,3,0,3,0,1,0,0,1,1,0,0,0,0,1,0,0,0,0,0,1,0,0
E1001330,15,3,1,3,2,3,14,2,2,0,0,3,0,1,1,0,0,1,0,0,0,0,0,1,0,0,0,0,0,1,0
E1001331,2,3,1,3,1,1,14,2,3,2,1,2,0,1,0,1,0,0,1,0,1,0,0,0,0,0,0,0,0,1,0
E1001334,10,1,4,3,1,2,22,2,3,0,0,4,0,1,0,1,0,1,0,0,0,0,1,0,0,0,0,0,0,0,1
E1001338,3,4,3,3,1,3,16,1,3,2,2,3,0,1,0,1,0,1,0,0,0,0,0,1,0,0,0,0,0,1,0
E1001339,2,4,2,3,5,3,11,4,2,1,7,3,0,1,0,1,0,0,1,0,0,0,1,0,0,0,0,0,0,1,0
E1001340,3,3,4,3,2,2,15,1,2,3,0,3,1,0,0,0,1,1,0,0,0,0,0,1,0,0,0,0,0,1,0
E1001344,26,3,3,3,2,1,14,2,2,7,7,3,0,1,0,1,0,1,0,0,0,1,0,0,0,0,0,0,0,0,1
E1001346,1,1,1,2,1,3,13,3,3,3,1,2,1,0,1,0,0,1,0,0,0,0,1,0,0,0,0,0,0,1,0
E1001348,2,4,3,2,3,3,11,2,3,4,7,3,1,0,0,1,0,1,0,0,1,0,0,0,0,0,0,0,0,0,1
E1001349,9,3,1,3,1,3,19,2,3,4,0,3,1,0,0,1,0,1,0,0,0,0,1,0,0,0,0,0,0,1,0
E1001351,12,5,4,2,3,4,11,2,2,8,7,3,1,0,0,0,1,1,0,0,0,0,1,0,0,0,0,0,0,1,0
E1001352,2,1,3,2,4,1,15,2,4,7,6,4,0,1,0,0,1,1,0,0,0,0,1,0,0,0,0,0,0,1,0
E1001354,25,3,3,2,3,4,13,3,3,0,0,3,0,1,1,0,0,1,0,0,0,0,1,0,0,0,0,0,0,0,1
E1001355,9,3,4,3,1,4,14,2,3,2,0,3,1,0,0,0,1,0,1,0,0,1,0,0,0,0,0,0,0,0,1
E1001357,10,3,3,2,1,1,13,1,2,0,1,3,1,0,0,0,1,1,0,0,1,0,0,0,0,0,0,0,0,1,0
E1001358,8,4,4,2,2,1,23,1,3,13,1,4,1,0,1,0,0,0,1,0,1,0,0,0,0,0,0,0,0,1,0
E1001360,24,2,2,2,3,1,12,1,2,7,1,2,0,1,0,0,1,1,0,0,0,0,0,0,1,0,0,0,0,1,0
E1001361,1,2,1,2,1,1,16,1,3,3,1,2,0,1,0,1,0,1,0,0,0,0,1,0,0,0,0,0,0,1,0
E1001362,20,3,3,3,2,1,15,3,2,2,0,3,0,1,0,1,0,1,0,0,0,0,0,1,0,0,0,0,0,1,0
E1001366,17,1,3,2,3,3,18,1,2,9,1,3,1,0,0,1,0,1,0,0,1,0,0,0,0,0,0,0,0,1,0
E1001370,20,4,1,3,3,4,20,4,3,10,11,2,0,1,0,1,0,1,0,0,0,0,0,0,1,0,0,0,0,1,0
E1001372,8,5,1,1,1,3,19,4,3,2,1,2,0,1,0,1,0,1,0,0,1,0,0,0,0,0,0,0,0,1,0
E1001374,2,1,4,3,3,2,18,2,3,2,1,3,0,1,0,1,0,1,0,0,1,0,0,0,0,0,0,0,0,1,0
E1001376,1,2,2,2,3,1,14,4,3,6,3,2,0,1,0,1,0,1,0,0,0,0,1,0,0,0,0,0,1,0,0
E1001379,29,4,1,2,2,3,22,2,3,7,3,2,1,0,0,0,1,1,0,0,0,0,1,0,0,0,0,0,0,1,0
E1001381,3,1,1,3,2,4,17,3,2,2,0,3,0,1,0,0,1,1,0,0,1,0,0,0,0,0,0,0,0,1,0
E1001384,4,1,4,3,1,4,15,2,4,7,5,3,0,1,0,1,0,0,1,0,0,0,0,0,1,0,0,0,0,1,0
E1001385,21,3,1,3,1,3,20,3,2,1,0,4,0,1,1,0,0,1,0,0,0,0,1,0,0,0,0,0,0,1,0
E1001387,2,2,4,3,4,1,17,4,3,6,13,3,0,1,0,1,0,1,0,0,0,0,1,0,0,0,0,0,0,1,0
E1001389,1,3,1,2,1,2,15,1,3,0,0,3,0,1,1,0,0,1,0,0,0,0,1,0,0,0,0,0,0,1,0
E1001391,1,4,4,3,2,3,14,4,3,0,0,3,0,1,0,0,1,0,1,0,0,0,0,1,0,0,0,0,0,0,1
E1001392,7,3,4,3,2,2,17,3,3,2,0,3,1,0,0,1,0,1,0,0,1,0,0,0,0,0,0,0,0,0,1
E1001393,3,4,3,2,1,4,17,4,3,0,0,3,0,1,0,1,0,1,0,0,1,0,0,0,0,0,0,0,0,1,0
E1001394,1,4,1,4,4,4,22,3,2,4,2,2,0,1,0,0,1,1,0,0,0,0,1,0,0,0,0,0,0,1,0
E1001395,9,4,2,2,2,3,13,4,3,10,4,2,1,0,0,1,0,1,0,0,1,0,0,0,0,0,0,0,0,0,1
E1001396,7,4,2,3,3,2,19,4,3,6,4,2,0,1,0,0,1,1,0,0,1,0,0,0,0,0,0,0,0,1,0
E1001397,10,4,3,2,3,3,14,2,3,7,2,3,0,1,1,0,0,0,1,0,0,1,0,0,0,0,0,0,0,0,1
E1001398,28,4,3,3,1,4,22,1,3,5,1,4,1,0,1,0,0,1,0,0,1,0,0,0,0,0,0,0,0,1,0
E1001399,3,3,4,3,3,2,17,2,2,7,1,3,1,0,1,0,0,1,0,0,0,0,1,0,0,0,0,0,0,1,0
E1001402,3,1,1,3,4,3,12,4,3,9,4,2,0,1,0,1,0,1,0,0,0,1,0,0,0,0,0,0,0,0,1
E1001403,2,2,4,3,3,2,16,3,3,0,0,3,0,1,0,0,1,1,0,0,0,1,0,0,0,0,0,0,0,0,1
E1001405,2,3,1,3,4,4,11,4,3,7,11,2,0,1,1,0,0,1,0,0,1,0,0,0,0,0,0,0,0,1,0
E1001406,14,3,3,2,5,3,14,1,4,7,4,3,0,1,0,0,1,1,0,0,0,0,1,0,0,0,0,0,0,1,0
E1001410,9,3,3,3,2,2,15,3,2,4,0,3,0,1,0,0,1,1,0,0,1,0,0,0,0,0,0,0,0,1,0
E1001411,18,4,1,3,2,4,20,1,3,9,0,3,0,1,0,0,1,1,0,0,1,0,0,0,0,0,0,0,0,1,0
E1001413,20,3,3,4,1,4,12,1,3,2,2,3,0,1,0,1,0,1,0,0,1,0,0,0,0,0,0,0,0,0,1
E1001414,2,1,1,2,1,2,17,1,1,3,0,3,0,1,0,1,0,1,0,0,1,0,0,0,0,0,0,0,0,1,0
E1001415,11,2,4,3,2,4,11,4,3,2,0,3,0,1,1,0,0,1,0,0,0,1,0,0,0,0,0,0,0,0,1
E1001416,8,4,4,2,4,2,17,2,3,8,2,3,0,1,0,1,0,1,0,0,0,0,0,0,1,0,0,0,0,0,1
E1001418,2,2,4,3,2,3,11,4,2,2,0,3,0,1,0,0,1,1,0,0,1,0,0,0,0,0,0,0,0,1,0
E1001421,10,3,4,3,1,2,14,4,2,5,1,3,1,0,1,0,0,1,0,0,1,0,0,0,0,0,0,0,0,1,0
E1001426,29,3,2,1,2,4,19,1,3,0,0,3,0,1,0,0,1,1,0,0,0,0,1,0,0,0,0,0,0,1,0
E1001428,8,1,2,2,2,4,15,3,2,7,1,2,0,1,0,1,0,0,1,0,0,0,1,0,0,0,0,0,0,1,0
E1001432,6,3,3,2,1,3,14,4,3,1,0,3,0,1,1,0,0,0,1,0,1,0,0,0,0,0,0,0,0,1,0
E1001434,8,1,3,3,1,3,12,4,3,0,0,3,0,1,0,0,1,1,0,0,0,0,1,0,0,0,0,0,0,1,0
E1001435,9,4,1,3,2,1,17,1,3,2,0,3,1,0,0,0,1,0,1,0,0,1,0,0,0,0,0,0,0,0,1
E1001436,12,4,2,3,1,4,11,1,3,0,0,3,0,1,0,1,0,0,1,0,1,0,0,0,0,0,0,0,0,1,0
E1001438,15,3,3,3,1,3,12,3,2,2,2,3,0,1,0,1,0,1,0,0,0,0,1,0,0,0,0,0,0,1,0
E1001439,25,2,3,2,2,4,13,3,3,2,1,3,1,0,1,0,0,1,0,0,0,0,1,0,0,0,0,0,0,1,0
E1001440,6,3,4,2,1,3,13,3,3,2,2,3,0,1,0,1,0,1,0,0,1,0,0,0,0,0,0,0,0,1,0
E1001441,9,1,2,3,2,3,20,1,2,5,1,2,1,0,0,1,0,1,0,0,1,0,0,0,0,0,0,0,0,0,1
E1001442,8,4,3,3,1,3,17,2,1,4,1,2,0,1,0,0,1,1,0,0,0,0,0,0,1,0,0,0,1,0,0
E1001443,23,1,4,2,3,1,13,1,1,8,3,2,1,0,0,1,0,1,0,0,1,0,0,0,0,0,0,0,0,0,1
E1001444,9,4,2,3,3,3,17,3,2,7,2,2,1,0,0,0,1,1,0,0,0,0,1,0,0,0,0,0,0,1,0
E1001445,12,3,3,3,4,1,12,2,2,9,13,3,0,1,0,0,1,0,1,0,1,0,0,0,0,0,0,0,0,0,1
E1001449,4,4,2,3,2,1,13,4,4,4,1,4,0,1,0,0,1,1,0,0,0,1,0,0,0,0,0,0,0,0,1
E1001451,24,3,4,3,1,2,22,4,3,3,1,4,0,1,0,0,1,1,0,0,0,0,1,0,0,0,0,0,0,1,0
E1001453,12,1,3,3,1,4,11,4,2,1,0,3,1,0,0,1,0,0,1,0,1,0,0,0,0,0,0,0,0,1,0
E1001455,3,4,1,4,1,4,22,2,3,7,0,3,0,1,0,1,0,1,0,0,0,0,1,0,0,0,0,0,0,1,0
E1001457,10,3,3,2,2,3,18,1,3,3,1,3,0,1,0,1,0,1,0,0,0,1,0,0,0,0,0,0,0,0,1
E1001458,26,2,3,2,2,4,13,4,1,1,0,3,1,0,0,1,0,0,1,0,0,0,1,0,0,0,0,0,0,1,0
E1001460,2,3,3,2,3,2,18,2,4,7,6,3,0,1,1,0,0,1,0,0,1,0,0,0,0,0,0,0,0,1,0
E1001462,1,3,4,2,2,1,20,3,3,9,4,4,0,1,0,0,1,1,0,0,0,0,1,0,0,0,0,0,0,1,0
E1001463,4,4,4,2,1,4,13,2,4,2,2,3,0,1,0,1,0,1,0,0,0,0,0,1,0,0,0,0,0,1,0
E1001466,9,3,1,1,2,3,13,2,2,3,1,2,1,0,0,0,1,1,0,0,0,1,0,0,0,0,0,0,0,0,1
E1001468,2,1,3,3,1,1,12,3,3,0,0,3,1,0,1,0,0,1,0,0,1,0,0,0,0,0,0,0,0,0,1
E1001469,4,4,4,3,5,1,13,4,3,2,4,3,1,0,1,0,0,1,0,0,0,0,0,0,1,0,0,0,0,1,0
E1001470,6,1,2,3,1,4,13,1,3,8,0,3,1,0,0,1,0,1,0,0,0,0,1,0,0,0,0,0,0,1,0
E1001471,9,2,3,3,1,1,25,3,3,1,0,4,0,1,0,0,1,1,0,0,1,0,0,0,0,0,0,0,0,1,0
E1001473,7,3,1,3,1,3,19,3,2,2,0,3,1,0,0,1,0,0,1,0,0,0,1,0,0,0,0,0,0,1,0
E1001474,1,3,4,2,2,4,13,2,2,8,3,3,1,0,0,1,0,1,0,0,1,0,0,0,0,0,0,0,0,1,0
E1001478,10,4,3,3,1,3,11,3,3,4,0,3,0,1,0,0,1,0,1,0,1,0,0,0,0,0,0,0,0,1,0
E1001479,7,2,4,3,5,3,18,2,3,7,4,3,1,0,1,0,0,1,0,0,0,0,1,0,0,0,0,0,0,1,0
E1001481,3,4,3,2,1,4,11,2,3,0,0,3,0,1,0,1,0,0,1,0,1,0,0,0,0,0,0,0,0,1,0
E1001482,2,3,3,3,4,1,23,1,3,15,15,4,1,0,0,1,0,1,0,0,0,1,0,0,0,0,0,0,0,0,1
E1001484,17,3,4,1,1,3,13,4,3,0,0,3,0,1,0,0,1,1,0,0,1,0,0,0,0,0,0,0,0,1,0
E1001485,2,3,2,3,1,3,13,4,3,4,1,2,0,1,0,1,0,1,0,1,0,0,0,0,0,0,0,0,1,0,0
E1001489,29,4,3,3,2,1,19,3,3,3,0,3,0,1,1,0,0,1,0,0,1,0,0,0,0,0,0,0,0,0,1
E1001490,2,4,2,3,2,2,12,4,3,0,0,3,0,1,0,1,0,1,0,0,0,0,1,0,0,0,0,0,0,0,1
E1001493,2,3,4,3,4,1,22,3,3,2,2,4,1,0,0,1,0,1,0,0,0,0,1,0,0,0,0,0,0,1,0
E1001495,15,2,4,3,5,2,11,1,3,2,0,3,0,1,0,1,0,1,0,0,1,0,0,0,0,0,0,0,0,1,0
E1001496,17,4,3,3,2,1,15,4,3,7,1,3,0,1,0,1,0,0,1,0,1,0,0,0,0,0,0,0,0,0,1
E1001497,17,2,4,3,1,2,13,1,1,0,0,3,1,0,0,1,0,1,0,0,1,0,0,0,0,0,0,0,0,1,0
E1001498,25,3,2,3,2,3,12,1,2,7,0,3,1,0,0,1,0,1,0,0,0,0,1,0,0,0,0,0,0,0,1
E1001499,6,4,3,1,1,3,14,3,3,7,1,3,0,1,1,0,0,1,0,0,1,0,0,0,0,0,0,0,0,1,0
E1001503,29,4,4,3,2,4,25,2,3,11,13,4,0,1,0,0,1,1,0,0,0,0,0,1,0,0,0,0,0,1,0
E1001509,2,5,4,4,2,1,16,1,4,3,0,4,0,1,0,1,0,1,0,0,0,0,1,0,0,0,0,0,1,0,0
E1001512,13,3,3,2,1,2,20,3,3,2,2,4,1,0,0,1,0,1,0,0,0,0,0,1,0,0,0,0,0,1,0
E1001513,2,2,4,3,2,3,14,4,3,7,0,3,1,0,0,0,1,0,1,0,1,0,0,0,0,0,0,0,0,1,0
E1001515,1,3,3,1,3,1,21,3,3,7,7,4,1,0,1,0,0,0,1,0,0,0,0,0,1,0,0,0,0,1,0
E1001516,9,3,1,3,1,4,13,2,3,10,4,2,0,1,0,1,0,1,0,0,0,0,1,0,0,0,0,0,0,1,0
E1001518,10,4,3,3,2,4,14,2,3,3,1,3,0,1,0,0,1,1,0,0,1,0,0,0,0,0,0,0,0,0,1
E1001520,26,5,1,3,3,1,17,3,3,0,0,3,1,0,0,1,0,0,1,0,0,0,1,0,0,0,0,0,0,1,0
E1001522,14,3,1,3,1,1,14,4,2,7,6,2,0,1,0,1,0,0,1,0,1,0,0,0,0,0,0,0,0,1,0
E1001523,1,4,4,3,3,3,17,1,1,4,1,3,1,0,1,0,0,1,0,0,1,0,0,0,0,0,0,0,0,1,0
E1001524,2,1,1,4,1,4,13,4,3,5,7,2,1,0,0,1,0,1,0,0,1,0,0,0,0,0,0,0,0,1,0
E1001526,10,3,1,2,1,2,25,2,4,1,0,4,1,0,0,0,1,0,1,0,0,0,1,0,0,0,0,0,0,1,0
E1001528,3,3,4,3,4,4,14,1,3,9,0,3,0,1,0,1,0,1,0,0,1,0,0,0,0,0,0,0,0,1,0
E1001529,11,2,3,3,2,1,12,4,2,5,0,3,0,1,0,1,0,0,1,0,0,0,1,0,0,0,0,0,0,1,0
E1001533,3,3,3,1,5,4,14,2,3,7,0,3,0,1,0,1,0,1,0,0,1,0,0,0,0,0,0,0,0,1,0
E1001534,4,2,1,2,5,3,13,3,4,0,0,3,0,1,0,1,0,1,0,0,0,0,1,0,0,0,0,0,0,1,0
E1001535,3,3,3,3,1,2,12,3,2,10,0,3,0,1,0,1,0,1,0,0,0,0,0,0,1,0,0,0,0,1,0
E1001536,2,2,4,4,1,2,11,3,2,0,0,3,0,1,0,0,1,1,0,0,0,0,0,0,1,0,0,0,0,1,0
E1001538,7,3,3,3,2,4,11,2,3,0,1,3,0,1,1,0,0,0,1,0,1,0,0,0,0,0,0,0,0,1,0
E1001541,1,3,4,2,5,4,12,3,4,0,0,4,0,1,0,0,1,1,0,0,1,0,0,0,0,0,0,0,0,1,0
E1001542,1,3,4,2,4,4,14,2,2,7,1,3,1,0,1,0,0,1,0,0,1,0,0,0,0,0,0,0,0,1,0
E1001545,5,3,2,3,5,2,11,3,3,9,3,2,0,1,0,1,0,1,0,0,0,1,0,0,0,0,0,0,0,0,1
E1001548,1,2,4,3,1,3,22,4,3,0,0,4,0,1,0,1,0,1,0,0,1,0,0,0,0,0,0,0,0,1,0
E1001553,4,2,3,3,1,4,20,2,2,5,2,4,0,1,0,0,1,0,1,0,1,0,0,0,0,0,0,0,0,1,0
E1001555,2,3,1,1,5,2,16,1,3,10,1,2,1,0,0,0,1,0,1,0,0,1,0,0,0,0,0,0,0,0,1
E1001556,8,1,4,2,4,2,15,4,3,9,15,3,0,1,1,0,0,0,1,0,0,0,1,0,0,0,0,0,0,1,0
E1001557,10,2,1,2,1,3,20,3,1,2,2,2,1,0,0,0,1,1,0,0,1,0,0,0,0,0,0,0,0,1,0
E1001558,4,2,4,2,5,2,14,3,3,4,0,3,1,0,0,1,0,1,0,0,0,1,0,0,0,0,0,0,0,0,1
E1001559,2,3,3,3,2,1,12,4,3,2,0,3,1,0,0,0,1,0,1,0,0,1,0,0,0,0,0,0,0,0,1
E1001560,9,3,4,3,5,2,24,1,2,10,11,4,0,1,1,0,0,0,1,0,1,0,0,0,0,0,0,0,0,0,1
E1001561,18,4,4,3,3,4,12,4,2,7,5,3,0,1,0,0,1,1,0,0,0,0,1,0,0,0,0,0,0,1,0
E1001563,19,3,3,3,2,2,13,3,4,8,5,3,1,0,1,0,0,1,0,0,0,0,1,0,0,0,0,0,0,1,0
E1001564,1,4,4,3,1,3,11,3,2,2,0,3,0,1,0,0,1,0,1,0,0,0,1,0,0,0,0,0,0,1,0
E1001566,4,2,3,4,5,1,14,4,2,9,14,3,0,1,1,0,0,1,0,0,1,0,0,0,0,0,0,0,0,1,0
E1001567,11,3,3,2,2,2,11,4,4,9,1,3,0,1,0,1,0,1,0,0,1,0,0,0,0,0,0,0,1,0,0
E1001569,6,1,3,3,1,3,14,4,3,2,2,3,0,1,0,1,0,0,1,0,1,0,0,0,0,0,0,0,0,1,0
E1001570,7,4,2,4,2,2,16,4,3,0,0,3,1,0,0,1,0,0,1,0,0,0,1,0,0,0,0,0,0,1,0
E1001571,4,4,4,2,3,4,14,4,4,7,15,3,1,0,0,0,1,1,0,0,0,1,0,0,0,0,0,0,0,0,1
E1001572,2,4,3,3,2,2,11,4,3,14,5,3,1,0,0,0,1,0,1,0,1,0,0,0,0,0,0,0,0,1,0
E1001574,2,3,4,2,1,4,12,2,3,2,2,3,0,1,0,1,0,0,1,0,1,0,0,0,0,0,0,0,0,1,0
E1001575,6,2,2,2,1,3,14,2,2,0,7,3,1,0,0,0,1,1,0,0,0,0,1,0,0,0,0,0,0,1,0
E1001576,9,2,3,3,2,3,18,3,3,4,1,3,1,0,0,0,1,0,1,0,0,0,1,0,0,0,0,0,0,1,0
E1001577,7,3,2,3,1,3,13,1,3,7,7,2,1,0,1,0,0,0,1,0,0,0,0,0,1,0,0,0,0,1,0
E1001579,1,3,4,3,1,1,11,2,2,2,1,3,0,1,0,0,1,1,0,0,0,0,0,0,1,0,0,0,0,1,0
E1001581,1,3,4,3,1,2,18,4,2,2,2,3,1,0,0,0,1,1,0,0,0,0,1,0,0,0,0,0,0,1,0
E1001582,8,3,3,4,2,4,15,3,4,7,0,3,0,1,0,1,0,1,0,0,0,0,1,0,0,0,0,0,0,0,1
E1001584,25,3,2,3,5,2,22,3,3,0,0,4,1,0,0,0,1,1,0,0,0,0,1,0,0,0,0,0,0,1,0
E1001585,13,4,3,2,4,2,13,4,3,9,15,3,1,0,1,0,0,0,1,0,0,0,1,0,0,0,0,0,0,1,0
E1001586,23,4,1,3,1,3,12,4,3,2,2,2,0,1,1,0,0,1,0,0,1,0,0,0,0,0,0,0,0,1,0
E1001587,7,2,4,3,2,3,18,1,3,4,1,3,0,1,0,1,0,1,0,0,1,0,0,0,0,0,0,0,0,1,0
E1001590,10,4,4,3,3,3,12,1,3,7,1,3,1,0,0,1,0,1,0,0,0,0,0,0,1,0,0,0,0,1,0
E1001592,1,2,4,3,1,1,12,3,4,6,5,3,1,0,0,0,1,1,0,0,1,0,0,0,0,0,0,0,1,0,0
E1001593,1,3,3,1,2,4,11,1,3,8,7,3,1,0,0,1,0,1,0,0,1,0,0,0,0,0,0,0,0,1,0
E1001595,28,3,4,3,4,1,11,2,3,2,1,3,1,0,0,1,0,0,1,0,1,0,0,0,0,0,0,0,0,1,0
E1001596,25,4,4,2,3,2,12,3,3,4,1,3,0,1,0,0,1,0,1,0,0,1,0,0,0,0,0,0,0,0,1
E1001597,5,3,2,3,3,2,19,3,2,7,7,2,0,1,0,0,1,0,1,0,1,0,0,0,0,0,0,0,0,0,1
E1001602,2,4,4,3,3,3,19,1,2,8,9,3,1,0,1,0,0,0,1,0,1,0,0,0,0,0,0,0,0,0,1
E1001607,10,2,3,1,2,2,13,1,3,2,11,3,0,1,0,0,1,1,0,0,0,0,1,0,0,0,0,0,0,0,1
E1001614,2,2,4,1,5,3,14,4,3,9,9,3,1,0,0,1,0,1,0,0,0,0,1,0,0,0,0,0,0,1,0
E1001616,8,4,4,3,5,2,14,1,3,3,7,3,0,1,0,0,1,1,0,0,1,0,0,0,0,0,0,0,1,0,0
E1001618,16,2,3,3,1,3,16,2,3,2,0,3,0,1,1,0,0,1,0,0,1,0,0,0,0,0,0,0,0,1,0
E1001622,9,3,4,3,3,4,11,4,2,7,1,3,0,1,1,0,0,1,0,0,1,0,0,0,0,0,0,0,0,1,0
E1001627,1,3,3,3,2,1,17,4,3,3,1,3,1,0,1,0,0,1,0,0,0,1,0,0,0,0,0,0,0,0,1
E1001628,4,4,3,3,2,3,11,2,3,6,1,3,0,1,0,0,1,0,1,0,1,0,0,0,0,0,0,0,0,1,0
E1001630,5,3,3,3,4,2,11,2,3,9,0,3,0,1,1,0,0,0,1,0,1,0,0,0,0,0,0,0,1,0,0
E1001633,2,2,2,3,2,1,15,4,3,7,1,2,1,0,1,0,0,1,0,0,1,0,0,0,0,0,0,0,0,0,1
E1001634,15,2,3,3,2,1,12,4,4,8,9,3,1,0,0,0,1,1,0,0,0,0,1,0,0,0,0,0,0,0,1
E1001636,19,1,4,3,1,4,11,3,2,2,1,3,0,1,0,1,0,1,0,0,0,0,1,0,0,0,0,0,0,1,0
E1001638,7,4,3,2,3,1,14,4,2,9,5,3,1,0,0,1,0,0,1,0,0,0,1,0,0,0,0,0,0,1,0
E1001639,1,4,2,3,1,2,22,3,3,2,0,3,0,1,0,1,0,1,0,0,1,0,0,0,0,0,0,0,0,1,0
E1001640,7,3,1,4,2,1,16,4,2,7,6,2,1,0,0,1,0,1,0,0,0,1,0,0,0,0,0,0,0,0,1
E1001641,4,3,4,3,3,4,11,3,3,9,0,3,0,1,0,0,1,1,0,0,1,0,0,0,0,0,0,0,0,1,0
E1001642,11,3,3,4,1,4,14,2,3,0,0,3,1,0,0,1,0,1,0,0,0,0,1,0,0,0,0,0,0,0,1
E1001645,11,2,4,2,4,2,16,2,2,2,0,3,1,0,0,0,1,1,0,0,0,0,0,0,1,0,0,0,0,1,0
E1001646,1,3,4,3,1,4,15,3,4,0,0,4,1,0,0,0,1,1,0,0,1,0,0,0,0,0,0,0,0,1,0
E1001647,1,3,4,2,2,4,12,2,3,7,0,3,1,0,0,1,0,1,0,0,0,0,1,0,0,0,0,0,0,1,0
E1001649,2,1,4,1,2,4,20,2,3,2,0,4,0,1,0,0,1,1,0,0,1,0,0,0,0,0,0,0,0,0,1
E1001650,13,4,1,4,4,3,17,3,2,7,3,2,0,1,0,0,1,0,1,0,0,1,0,0,0,0,0,0,0,0,1
E1001651,23,3,4,3,4,2,12,1,3,16,15,3,0,1,0,1,0,0,1,0,1,0,0,0,0,0,0,0,0,1,0
E1001652,26,1,1,2,1,3,20,3,3,4,0,3,1,0,1,0,0,1,0,0,0,0,0,0,1,0,0,0,0,1,0
E1001653,2,1,2,4,2,3,20,2,3,11,11,2,1,0,1,0,0,1,0,0,0,0,1,0,0,0,0,0,0,1,0
E1001655,29,3,2,3,2,3,13,1,3,7,7,2,0,1,0,1,0,1,0,0,0,0,1,0,0,0,0,0,0,1,0
E1001657,2,3,3,2,1,4,14,3,4,0,0,3,1,0,0,0,1,1,0,0,1,0,0,0,0,0,0,0,0,0,1
E1001660,7,3,4,4,1,3,11,4,3,2,0,3,0,1,1,0,0,1,0,0,1,0,0,0,0,0,0,0,0,1,0
E1001661,2,4,3,3,2,4,11,4,4,11,4,3,1,0,0,0,1,1,0,0,0,0,0,0,1,0,0,0,0,1,0
E1001665,26,3,3,2,2,1,11,3,3,3,0,3,0,1,0,1,0,1,0,0,1,0,0,0,0,0,0,0,0,0,1
E1001668,21,4,1,2,2,4,12,4,4,4,1,2,0,1,0,1,0,0,1,0,1,0,0,0,0,0,0,0,0,0,1
E1001669,2,3,2,3,3,2,11,2,3,2,3,2,0,1,0,1,0,1,0,0,0,1,0,0,0,0,0,0,0,0,1
E1001670,22,3,4,3,2,4,14,1,2,2,3,3,1,0,1,0,0,0,1,0,1,0,0,0,0,0,0,0,0,1,0
E1001673,5,1,2,3,2,4,13,1,4,4,1,2,0,1,0,1,0,1,0,0,1,0,0,0,0,0,0,0,0,0,1
E1001674,2,1,3,3,2,2,13,1,2,2,1,3,0,1,0,1,0,0,1,0,0,1,0,0,0,0,0,0,0,0,1
E1001675,25,2,3,3,3,3,21,2,3,4,0,4,0,1,0,1,0,1,0,0,1,0,0,0,0,0,0,0,0,1,0
E1001677,18,1,1,4,2,3,11,2,2,2,1,2,0,1,0,1,0,1,0,0,1,0,0,0,0,0,0,0,0,0,1
E1001679,28,2,4,4,4,3,11,2,2,3,0,3,1,0,0,1,0,0,1,0,0,0,1,0,0,0,0,0,0,1,0
E1001680,6,3,1,2,2,3,14,1,1,7,1,2,1,0,0,0,1,0,1,0,0,0,1,0,0,0,0,0,0,1,0
E1001681,10,3,4,2,2,4,11,4,3,2,4,3,1,0,0,1,0,0,1,0,0,1,0,0,0,0,0,0,0,0,1
E1001683,17,4,4,3,1,3,13,4,3,2,7,3,1,0,0,0,1,0,1,0,1,0,0,0,0,0,0,0,0,1,0
E1001685,2,1,1,2,1,4,12,4,3,3,1,3,0,1,0,0,1,1,0,0,0,0,1,0,0,0,0,0,0,1,0
E1001686,10,3,3,3,4,1,14,3,3,7,0,3,1,0,0,1,0,1,0,1,0,0,0,0,0,0,0,0,1,0,0
E1001689,11,3,1,3,1,3,18,1,3,2,0,3,1,0,0,0,1,1,0,0,0,0,1,0,0,0,0,0,0,1,0
E1001690,18,2,3,3,3,4,11,3,3,2,2,3,0,1,0,0,1,1,0,0,1,0,0,0,0,0,0,0,0,1,0
E1001693,1,3,1,3,1,4,11,2,2,2,0,3,0,1,0,1,0,1,0,0,0,0,0,0,1,0,0,0,0,1,0
E1001697,17,3,2,2,3,1,13,1,2,9,0,3,0,1,0,0,1,1,0,0,0,0,0,1,0,0,0,0,1,0,0
E1001698,28,2,1,2,2,1,20,1,3,3,1,3,0,1,0,0,1,1,0,0,1,0,0,0,0,0,0,0,0,1,0
E1001700,1,3,4,3,4,4,19,4,2,7,12,3,1,0,0,0,1,1,0,0,0,0,1,0,0,0,0,0,0,1,0
E1001701,1,3,4,3,5,1,21,3,3,8,1,4,1,0,0,1,0,0,1,0,0,0,1,0,0,0,0,0,0,1,0
E1001703,3,4,1,3,2,2,16,4,3,4,0,3,1,0,0,0,1,0,1,0,0,1,0,0,0,0,0,0,0,0,1
E1001705,1,4,2,1,1,3,12,2,3,0,0,3,1,0,0,0,1,1,0,0,1,0,0,0,0,0,0,0,0,0,1
E1001706,7,4,4,3,2,1,14,2,3,2,0,3,1,0,1,0,0,1,0,0,0,1,0,0,0,0,0,0,0,0,1
E1001708,8,5,1,3,4,2,11,3,4,2,1,3,1,0,0,0,1,1,0,0,1,0,0,0,0,0,0,0,0,1,0
E1001709,1,4,4,3,1,1,14,3,3,3,1,3,0,1,1,0,0,1,0,0,0,0,0,1,0,0,0,0,0,1,0
E1001711,8,3,1,2,1,2,12,3,4,0,0,3,1,0,0,0,1,1,0,0,1,0,0,0,0,0,0,0,0,1,0
E1001712,11,1,2,3,1,1,14,2,4,0,1,3,0,1,0,1,0,1,0,0,1,0,0,0,0,0,0,0,0,1,0
E1001713,4,4,1,2,2,4,16,3,2,4,1,2,0,1,0,0,1,1,0,0,1,0,0,0,0,0,0,0,0,1,0
E1001716,1,3,1,3,1,4,12,3,2,5,1,2,0,1,0,1,0,1,0,0,0,0,0,0,1,0,0,0,0,1,0
E1001717,9,2,1,2,1,1,12,1,3,2,2,2,0,1,0,1,0,1,0,0,1,0,0,0,0,0,0,0,0,0,1
E1001718,5,2,3,4,1,3,14,1,1,5,1,3,0,1,0,0,1,1,0,0,0,0,0,0,1,0,0,0,0,1,0
E1001719,1,2,1,3,1,1,22,4,4,2,1,4,1,0,0,1,0,1,0,0,1,0,0,0,0,0,0,0,0,1,0
E1001723,4,1,4,3,2,3,12,3,3,4,0,3,1,0,0,1,0,0,1,0,0,0,1,0,0,0,0,0,0,0,1
E1001725,1,3,4,2,1,2,17,1,2,4,0,3,1,0,0,1,0,1,0,0,1,0,0,0,0,0,0,0,0,1,0
E1001726,5,5,2,4,1,3,12,1,2,2,0,3,0,1,0,1,0,0,1,0,0,0,1,0,0,0,0,0,0,1,0
E1001727,9,4,3,3,2,3,11,3,4,7,0,3,0,1,1,0,0,1,0,0,0,0,0,1,0,0,0,0,0,1,0
E1001731,8,2,1,3,3,4,18,1,3,7,9,2,0,1,1,0,0,1,0,0,1,0,0,0,0,0,0,0,0,0,1
E1001736,2,3,1,2,1,1,23,2,4,0,0,4,1,0,0,0,1,0,1,0,1,0,0,0,0,0,0,0,0,1,0
E1001737,1,5,3,4,3,2,11,1,3,8,4,3,1,0,0,0,1,1,0,0,1,0,0,0,0,0,0,0,0,1,0
E1001738,20,3,2,1,3,1,18,2,3,7,0,3,0,1,1,0,0,0,1,0,0,0,1,0,0,0,0,0,0,1,0
E1001739,8,2,4,4,1,2,18,4,3,2,0,3,1,0,0,0,1,1,0,0,0,0,1,0,0,0,0,0,1,0,0
E1001743,29,3,2,3,3,4,18,4,4,1,1,3,0,1,0,1,0,0,1,0,0,0,0,0,1,0,0,0,0,1,0
E1001745,9,4,1,3,1,3,15,4,3,2,2,2,1,0,0,1,0,1,0,0,0,0,0,0,1,0,0,0,1,0,0
E1001746,8,1,4,2,3,2,11,3,3,8,4,3,0,1,1,0,0,1,0,0,0,0,1,0,0,0,0,0,0,1,0
E1001749,5,3,3,2,1,3,14,4,3,2,0,3,0,1,0,0,1,1,0,0,1,0,0,0,0,0,0,0,0,1,0
E1001751,5,4,1,3,2,3,14,2,2,2,1,2,0,1,0,1,0,1,0,0,0,0,0,0,1,0,0,0,0,1,0
E1001752,2,3,3,3,1,3,14,3,4,1,1,4,0,1,1,0,0,1,0,0,0,0,1,0,0,0,0,0,0,1,0
E1001753,20,3,4,3,1,2,13,3,2,2,1,3,0,1,0,0,1,1,0,0,1,0,0,0,0,0,0,0,0,1,0
E1001755,7,3,4,3,2,1,14,1,3,3,0,3,0,1,0,1,0,1,0,0,0,0,1,0,0,0,0,0,0,0,1
E1001756,3,3,4,1,2,1,18,4,3,9,3,3,0,1,0,0,1,1,0,0,0,0,0,1,0,0,0,0,0,0,1
E1001757,16,1,4,3,2,3,15,3,2,1,2,3,0,1,0,1,0,1,0,0,1,0,0,0,0,0,0,0,0,0,1
E1001758,9,2,1,3,1,4,13,3,3,9,5,2,1,0,0,0,1,1,0,0,0,0,1,0,0,0,0,0,0,1,0
E1001759,1,5,1,3,2,3,12,3,2,0,0,3,1,0,0,1,0,1,0,0,0,1,0,0,0,0,0,0,0,0,1
E1001760,7,3,3,3,1,3,13,2,2,0,0,3,0,1,1,0,0,1,0,0,0,0,0,0,1,0,0,0,0,1,0
E1001761,1,2,2,4,2,3,24,1,2,9,2,2,0,1,0,1,0,1,0,0,1,0,0,0,0,0,0,0,0,1,0
E1001762,7,4,3,3,3,2,14,2,3,7,0,3,0,1,1,0,0,1,0,0,1,0,0,0,0,0,0,0,0,1,0
E1001763,15,3,2,3,4,1,14,4,2,8,6,2,0,1,1,0,0,1,0,0,0,0,1,0,0,0,0,0,0,1,0
E1001764,1,3,1,3,1,3,15,4,4,2,1,2,0,1,0,1,0,1,0,0,0,0,0,0,1,0,0,0,0,0,1
E1001767,24,4,1,2,2,2,23,3,4,9,10,2,1,0,0,0,1,0,1,0,0,0,1,0,0,0,0,0,0,0,1
E1001770,7,1,4,3,1,3,13,1,3,0,0,3,0,1,0,1,0,1,0,0,1,0,0,0,0,0,0,0,0,0,1
E1001773,13,2,4,3,1,2,13,3,3,0,0,3,1,0,0,1,0,1,0,0,1,0,0,0,0,0,0,0,0,0,1
E1001774,2,1,2,3,3,3,18,2,2,2,2,2,0,1,0,0,1,0,1,0,0,0,1,0,0,0,0,0,0,1,0
E1001775,19,3,3,2,2,3,14,3,3,7,0,3,0,1,1,0,0,1,0,0,1,0,0,0,0,0,0,0,0,0,1
E1001779,4,4,4,3,2,3,16,2,3,2,1,3,0,1,0,1,0,0,1,0,1,0,0,0,0,0,0,0,0,1,0
E1001780,4,4,1,2,1,2,11,4,3,4,0,3,1,0,0,1,0,1,0,0,0,0,1,0,0,0,0,0,0,1,0
E1001781,14,3,3,3,2,3,17,3,2,4,1,3,1,0,0,1,0,0,1,0,0,0,1,0,0,0,0,0,0,0,1
E1001782,2,2,3,2,1,1,11,3,2,0,0,3,0,1,0,0,1,1,0,0,0,0,1,0,0,0,0,0,0,1,0
E1001784,1,3,1,2,1,3,14,4,1,0,0,3,0,1,1,0,0,1,0,0,1,0,0,0,0,0,0,0,0,1,0
E1001785,7,3,3,3,2,1,14,4,3,2,1,3,0,1,0,0,1,1,0,0,1,0,0,0,0,0,0,0,0,0,1
E1001787,3,2,3,2,2,1,25,1,3,2,1,4,1,0,0,1,0,1,0,0,0,0,1,0,0,0,0,0,0,1,0
E1001791,2,1,4,3,1,2,13,3,3,2,0,3,1,0,0,1,0,1,0,0,1,0,0,0,0,0,0,0,0,1,0
E1001792,29,1,3,1,2,2,14,2,2,6,1,3,0,1,0,1,0,1,0,0,1,0,0,0,0,0,0,0,0,1,0
E1001793,8,5,4,3,2,3,17,1,3,0,0,3,0,1,0,0,1,0,1,0,1,0,0,0,0,0,0,0,0,1,0
E1001794,10,3,3,3,3,4,25,2,4,2,0,3,0,1,0,0,1,1,0,0,0,0,1,0,0,0,0,0,0,1,0
E1001798,11,4,2,3,4,4,20,1,3,9,1,2,1,0,1,0,0,1,0,0,0,0,1,0,0,0,0,0,0,1,0
E1001800,1,4,1,2,1,1,13,3,1,7,0,3,0,1,0,0,1,1,0,0,0,0,0,0,1,0,0,0,0,1,0
E1001805,3,3,3,3,4,2,12,4,4,12,5,3,1,0,0,1,0,1,0,0,1,0,0,0,0,0,0,0,0,0,1
E1001807,16,3,4,2,3,2,19,4,1,8,3,3,1,0,0,0,1,1,0,0,1,0,0,0,0,0,0,0,0,1,0
E1001811,20,1,1,3,2,3,14,2,3,3,1,2,0,1,0,0,1,1,0,0,1,0,0,0,0,0,0,0,0,1,0
E1001812,9,4,4,3,1,1,14,2,1,4,1,3,0,1,0,0,1,1,0,0,1,0,0,0,0,0,0,0,0,1,0
E1001813,1,3,4,2,3,3,14,4,3,9,8,3,0,1,0,1,0,0,1,0,0,0,0,0,1,0,0,0,0,0,1
E1001817,22,5,3,1,4,4,13,4,3,6,13,3,0,1,0,0,1,0,1,0,0,0,1,0,0,0,0,0,0,1,0
E1001820,2,3,3,2,1,2,14,2,3,0,0,3,0,1,0,1,0,1,0,0,0,0,1,0,0,0,0,0,0,1,0
E1001821,13,3,1,3,2,4,17,1,3,8,3,2,0,1,0,1,0,1,0,0,0,0,1,0,0,0,0,0,0,1,0
E1001822,8,1,3,1,2,1,13,3,3,7,0,3,1,0,0,1,0,1,0,0,0,0,0,1,0,0,0,0,0,1,0
E1001823,25,3,4,2,2,2,13,4,3,3,0,3,0,1,0,0,1,1,0,0,1,0,0,0,0,0,0,0,0,1,0
E1001824,28,3,4,3,1,4,20,4,3,4,0,4,0,1,0,1,0,1,0,0,0,0,0,0,1,0,0,0,0,1,0
E1001825,2,3,4,3,3,4,14,3,1,8,13,3,0,1,0,1,0,0,1,0,1,0,0,0,0,0,0,0,0,1,0
E1001826,9,2,1,3,2,1,12,4,4,4,7,2,0,1,0,1,0,1,0,0,0,0,1,0,0,0,0,0,0,0,1
E1001827,28,4,2,3,2,3,12,2,3,14,5,2,0,1,0,1,0,0,1,0,1,0,0,0,0,0,0,0,0,1,0
E1001828,6,2,3,3,4,4,21,4,3,7,7,4,0,1,0,0,1,0,1,0,0,0,1,0,0,0,0,0,1,0,0
E1001829,21,2,3,2,1,1,14,2,3,1,0,3,0,1,1,0,0,1,0,0,0,0,0,0,1,0,0,0,0,1,0
E1001830,8,2,4,3,2,4,18,3,3,2,2,3,0,1,1,0,0,0,1,0,1,0,0,0,0,0,0,0,0,1,0
E1001831,1,4,1,3,3,2,12,1,3,8,7,2,0,1,1,0,0,1,0,0,0,0,0,0,1,0,0,0,0,1,0
E1001832,28,4,2,2,1,3,23,1,3,3,4,2,1,0,0,1,0,1,0,0,1,0,0,0,0,0,0,0,0,0,1
E1001834,2,4,3,3,1,4,21,4,2,2,1,4,0,1,0,0,1,0,1,0,1,0,0,0,0,0,0,0,0,0,1
E1001835,16,4,3,3,2,3,14,3,3,7,7,3,1,0,1,0,0,1,0,0,1,0,0,0,0,0,0,0,0,0,1
E1001838,8,4,1,3,2,1,13,4,1,2,2,2,0,1,0,1,0,1,0,0,1,0,0,0,0,0,0,0,0,0,1
E1001840,1,3,2,2,2,1,11,4,3,8,6,2,0,1,0,1,0,1,0,0,1,0,0,0,0,0,0,0,0,0,1
E1001841,10,4,3,3,2,3,11,3,3,3,1,3,0,1,0,1,0,1,0,1,0,0,0,0,0,0,0,0,1,0,0
E1001846,29,4,3,3,3,2,12,2,3,2,1,3,0,1,0,1,0,1,0,0,0,0,0,0,1,0,0,0,0,0,1
E1001847,2,3,1,3,1,1,12,4,3,0,0,3,1,0,1,0,0,0,1,0,1,0,0,0,0,0,0,0,0,1,0
E1001850,2,5,3,2,3,4,16,2,3,7,1,3,1,0,0,1,0,1,0,0,0,0,0,0,1,0,0,0,0,1,0
E1001851,2,3,3,3,2,2,11,1,3,2,1,3,0,1,0,1,0,1,0,0,0,0,1,0,0,0,0,0,0,1,0
E1001854,15,4,3,3,1,1,12,4,2,2,7,3,1,0,0,1,0,1,0,0,0,0,0,1,0,0,0,0,0,1,0
E1001855,7,4,1,3,1,4,13,3,1,0,0,3,0,1,0,0,1,1,0,0,0,0,1,0,0,0,0,0,0,1,0
E1001856,26,5,3,2,5,4,21,3,3,6,2,4,0,1,0,1,0,1,0,0,0,1,0,0,0,0,0,0,0,0,1
E1001858,1,4,2,3,2,4,17,2,2,2,2,2,0,1,0,1,0,1,0,0,1,0,0,0,0,0,0,0,0,1,0
E1001860,14,3,3,3,2,2,11,4,3,8,7,3,0,1,0,1,0,1,0,0,1,0,0,0,0,0,0,0,0,0,1
E1001863,1,4,2,3,2,3,13,1,3,0,0,3,1,0,0,0,1,1,0,0,1,0,0,0,0,0,0,0,0,0,1
E1001864,3,1,2,3,1,1,18,4,3,9,1,2,0,1,0,0,1,0,1,0,0,0,1,0,0,0,0,0,0,1,0
E1001865,10,4,1,3,2,3,16,3,3,2,0,3,1,0,0,0,1,0,1,0,0,0,1,0,0,0,0,0,0,1,0
E1001866,6,3,4,4,3,3,11,1,3,6,7,3,0,1,0,1,0,1,0,0,0,0,1,0,0,0,0,0,0,0,1
E1001868,2,1,1,3,2,4,19,4,4,4,1,2,0,1,1,0,0,1,0,0,1,0,0,0,0,0,0,1,0,0,0
E1001869,9,3,3,3,5,3,16,3,3,0,0,3,0,1,0,1,0,0,1,0,0,1,0,0,0,0,0,0,0,0,1
E1001870,10,3,4,4,1,3,16,4,3,2,2,3,0,1,0,1,0,1,0,0,0,0,0,0,1,0,0,1,0,0,0
E1001874,28,3,2,4,2,3,17,4,2,9,6,2,0,1,0,1,0,1,0,0,1,0,0,0,0,0,0,1,0,0,0
E1001875,10,4,4,2,2,3,14,2,2,2,7,3,0,1,0,1,0,1,0,0,0,0,0,0,1,0,0,1,0,0,0
E1001877,27,3,4,4,1,2,12,3,3,4,0,3,0,1,1,0,0,1,0,0,0,0,0,0,1,0,0,1,0,0,0
E1001882,24,3,3,3,1,2,17,3,3,1,0,3,0,1,0,1,0,0,1,0,0,0,1,0,0,0,0,1,0,0,0
E1001883,26,2,2,2,1,3,14,2,2,2,1,2,1,0,0,1,0,0,1,0,0,0,0,1,0,0,0,1,0,0,0
E1001884,20,5,2,3,4,3,15,3,3,8,12,2,0,1,0,1,0,0,1,0,0,0,1,0,0,0,0,1,0,0,0
E1001885,5,4,2,4,1,4,17,4,3,2,0,3,1,0,0,1,0,1,0,0,0,0,0,1,0,0,0,1,0,0,0
E1001886,7,3,2,3,5,4,14,4,2,7,1,2,1,0,1,0,0,0,1,0,0,0,1,0,0,0,0,1,0,0,0
E1001887,7,3,2,2,1,2,12,2,2,4,1,2,0,1,0,1,0,1,0,0,0,0,1,0,0,0,0,1,0,0,0
E1001889,5,5,3,1,2,1,14,1,3,7,1,3,1,0,0,0,1,0,1,0,0,0,1,0,0,0,0,1,0,0,0
E1001890,26,3,1,2,2,1,15,1,3,7,4,2,0,1,0,1,0,1,0,0,0,1,0,0,0,0,0,0,0,0,1
E1001891,2,4,4,3,2,1,13,4,3,2,0,3,0,1,0,0,1,1,0,0,0,0,0,1,0,0,0,0,0,0,1
E1001892,12,4,3,3,2,3,12,2,3,2,1,3,1,0,0,1,0,0,1,0,1,0,0,0,0,0,0,1,0,0,0
E1001893,10,4,3,4,2,4,13,1,3,7,7,3,0,1,1,0,0,1,0,0,1,0,0,0,0,0,0,1,0,0,0
E1001895,25,4,3,3,1,1,14,4,2,6,1,3,1,0,0,1,0,1,0,0,1,0,0,0,0,0,0,1,0,0,0
E1001897,19,3,4,2,1,1,11,1,3,7,0,3,0,1,1,0,0,1,0,0,0,0,0,1,0,0,0,1,0,0,0
E1001899,18,5,2,4,2,1,11,4,3,15,1,2,0,1,0,1,0,1,0,0,1,0,0,0,0,0,0,1,0,0,0
E1001900,27,3,2,1,2,1,21,2,2,3,0,3,1,0,1,0,0,1,0,0,0,0,1,0,0,0,0,1,0,0,0
E1001901,5,1,3,3,1,4,18,3,3,2,2,3,0,1,0,0,1,1,0,0,0,0,1,0,0,0,0,1,0,0,0
E1001902,3,2,2,3,1,4,12,3,4,0,0,3,1,0,0,0,1,0,1,0,0,0,1,0,0,0,0,0,0,0,1
E1001903,26,4,4,3,5,3,11,3,3,2,1,3,1,0,0,1,0,1,0,0,1,0,0,0,0,0,0,0,1,0,0
E1001905,3,2,3,2,2,3,15,4,3,8,0,3,0,1,1,0,0,1,0,0,0,0,1,0,0,0,0,1,0,0,0
E1001908,8,4,3,3,2,3,12,4,3,11,2,3,1,0,0,1,0,1,0,0,1,0,0,0,0,0,0,1,0,0,0
E1001909,19,3,3,3,2,3,17,1,2,3,0,3,0,1,0,1,0,1,0,0,1,0,0,0,0,0,0,1,0,0,0
E1001911,4,3,1,3,2,3,13,4,1,2,3,2,1,0,0,0,1,1,0,0,0,0,1,0,0,0,0,1,0,0,0
E1001916,2,2,4,2,3,3,19,4,4,4,0,3,1,0,0,1,0,0,1,0,0,0,1,0,0,0,0,1,0,0,0
E1001918,10,3,2,3,1,2,11,1,1,4,7,2,1,0,0,1,0,1,0,0,0,0,1,0,0,0,0,1,0,0,0
E1001919,16,3,3,3,3,4,15,4,2,2,3,3,1,0,0,0,1,0,1,0,1,0,0,0,0,0,0,1,0,0,0
E1001920,1,5,1,3,2,4,11,3,3,7,0,3,0,1,0,1,0,0,1,1,0,0,0,0,0,0,0,0,1,0,0
E1001923,15,2,1,1,2,4,14,4,2,2,2,2,0,1,1,0,0,0,1,0,0,0,1,0,0,0,0,0,0,0,1
E1001924,2,1,1,3,1,4,13,3,3,3,1,2,1,0,0,0,1,0,1,0,0,0,0,0,1,0,0,1,0,0,0
E1001925,8,3,2,4,1,3,17,1,3,2,0,3,1,0,0,1,0,1,0,0,0,0,1,0,0,0,0,1,0,0,0
E1001926,2,3,4,3,1,4,13,3,2,2,1,3,0,1,0,0,1,1,0,0,0,0,1,0,0,0,0,1,0,0,0
E1001931,2,1,4,4,2,3,17,3,3,7,0,3,0,1,1,0,0,1,0,0,1,0,0,0,0,0,0,1,0,0,0
E1001932,12,3,4,3,2,2,21,3,3,4,1,4,0,1,0,1,0,1,0,0,0,0,1,0,0,0,0,1,0,0,0
E1001933,22,4,1,3,4,2,16,2,3,2,1,2,1,0,0,1,0,1,0,0,0,0,0,1,0,0,0,1,0,0,0
E1001934,17,5,4,2,3,1,15,3,3,11,1,3,1,0,1,0,0,1,0,0,1,0,0,0,0,0,0,1,0,0,0
E1001935,2,3,3,3,1,3,19,1,3,2,2,3,1,0,0,0,1,1,0,0,0,0,1,0,0,0,0,0,0,0,1
E1001936,3,3,4,3,2,2,12,3,3,8,7,3,1,0,1,0,0,1,0,0,1,0,0,0,0,0,0,1,0,0,0
E1001937,7,3,1,3,1,2,11,3,3,3,1,2,0,1,0,0,1,1,0,0,1,0,0,0,0,0,0,1,0,0,0
E1001939,6,1,3,2,4,3,19,2,3,11,2,3,1,0,0,1,0,0,1,0,1,0,0,0,0,0,0,1,0,0,0
E1001940,1,4,4,2,2,3,15,3,3,2,1,3,1,0,0,1,0,1,0,0,0,0,1,0,0,0,0,1,0,0,0
E1001942,3,2,4,4,2,1,20,1,3,4,0,4,0,1,1,0,0,1,0,0,1,0,0,0,0,0,0,1,0,0,0
E1001943,22,5,2,3,4,3,25,3,3,8,4,2,1,0,0,1,0,1,0,0,0,0,1,0,0,0,0,1,0,0,0
E1001944,15,2,3,2,4,3,24,1,3,10,6,4,0,1,0,1,0,1,0,0,1,0,0,0,0,0,0,1,0,0,0
E1001945,12,4,4,3,2,4,24,1,4,9,6,4,0,1,0,0,1,0,1,0,0,0,0,1,0,0,0,0,0,0,1
E1001947,5,3,1,2,2,2,13,2,2,0,0,3,0,1,1,0,0,0,1,0,0,0,1,0,0,0,0,0,0,0,1
E1001948,2,4,4,3,2,4,14,3,3,2,0,3,0,1,1,0,0,1,0,0,0,0,1,0,0,0,0,0,0,0,1
E1001949,2,3,4,3,2,2,13,3,2,5,1,3,0,1,1,0,0,1,0,0,0,0,1,0,0,0,0,1,0,0,0
E1001951,5,4,1,3,2,4,11,1,3,0,0,3,1,0,0,1,0,1,0,0,1,0,0,0,0,0,0,0,0,0,1
E1001952,16,3,4,3,1,1,16,2,2,2,2,3,1,0,1,0,0,0,1,0,0,0,1,0,0,0,0,1,0,0,0
E1001958,9,1,4,3,1,1,11,1,3,2,0,3,0,1,0,0,1,1,0,0,1,0,0,0,0,0,0,0,0,0,1
E1001959,16,3,3,3,2,4,25,3,3,5,1,4,1,0,1,0,0,0,1,0,1,0,0,0,0,0,0,0,0,0,1
E1001960,26,4,1,3,2,3,14,2,2,2,0,3,0,1,0,1,0,1,0,0,1,0,0,0,0,0,0,1,0,0,0
E1001961,1,3,3,3,1,4,18,1,3,2,2,3,1,0,1,0,0,0,1,0,1,0,0,0,0,0,0,0,1,0,0
E1001962,8,1,4,2,1,3,11,1,3,4,1,3,0,1,0,0,1,0,1,0,0,0,1,0,0,0,0,1,0,0,0
E1001965,4,2,4,3,1,3,19,4,2,0,0,3,1,0,0,1,0,1,0,0,0,0,1,0,0,0,0,1,0,0,0
E1001967,24,4,2,4,3,4,15,3,3,3,1,2,0,1,0,1,0,1,0,0,0,0,1,0,0,0,0,1,0,0,0
E1001969,7,2,4,3,1,3,11,3,3,7,7,3,1,0,0,1,0,0,1,0,0,0,1,0,0,0,0,0,0,0,1
E1001970,2,4,4,3,1,2,12,1,3,0,0,3,0,1,0,0,1,1,0,0,1,0,0,0,0,0,0,1,0,0,0
E1001971,7,3,4,3,1,4,20,3,3,7,5,4,0,1,0,0,1,1,0,0,0,0,1,0,0,0,0,1,0,0,0
E1001972,22,3,1,2,1,2,12,4,3,2,1,2,0,1,1,0,0,1,0,0,0,0,0,0,1,0,0,1,0,0,0
E1001974,5,2,2,2,2,4,14,3,4,10,4,2,0,1,0,1,0,1,0,0,0,0,1,0,0,0,0,0,0,1,0
E1001975,1,4,3,1,3,4,20,3,4,0,0,4,0,1,1,0,0,1,0,0,0,0,1,0,0,0,0,0,0,1,0
E1001978,1,4,3,1,2,4,14,3,2,3,1,3,0,1,1,0,0,1,0,0,0,0,1,0,0,0,0,0,0,0,1
E1001979,19,3,2,2,1,4,12,2,3,9,8,2,1,0,0,1,0,1,0,0,1,0,0,0,0,0,0,0,0,1,0
E1001981,2,3,3,4,3,4,19,2,3,7,6,3,1,0,0,1,0,0,1,0,1,0,0,0,0,0,0,0,0,1,0
E1001984,2,3,4,3,2,4,17,1,3,9,8,3,0,1,0,1,0,0,1,0,0,0,1,0,0,0,0,0,0,0,1
E1001987,9,4,4,3,1,3,17,3,3,3,1,3,1,0,0,1,0,1,0,0,0,0,1,0,0,0,0,0,0,1,0
E1001988,2,4,3,3,2,4,15,3,2,7,6,3,1,0,0,0,1,1,0,0,1,0,0,0,0,0,0,0,0,0,1
E1001990,1,1,3,2,3,3,23,4,2,15,14,4,0,1,0,1,0,1,0,0,1,0,0,0,0,0,0,0,0,1,0
E1001996,17,4,4,1,1,3,15,3,4,2,0,3,0,1,0,1,0,1,0,0,0,0,1,0,0,0,0,0,0,1,0
E1001997,28,2,4,2,4,2,11,3,3,6,8,3,1,0,0,0,1,1,0,0,0,0,0,0,1,0,0,0,0,1,0
E1001999,2,4,2,3,1,3,14,4,4,2,0,3,0,1,0,1,0,1,0,0,1,0,0,0,0,0,0,0,0,1,0
E1002000,4,3,3,1,2,2,19,2,3,2,1,3,0,1,0,1,0,1,0,1,0,0,0,0,0,0,0,0,1,0,0
E1002002,8,2,2,3,2,1,16,2,3,0,0,3,1,0,0,1,0,0,1,0,1,0,0,0,0,0,0,0,0,1,0
E1002003,29,1,2,3,1,1,13,2,4,2,1,2,0,1,1,0,0,1,0,0,0,0,1,0,0,0,0,0,0,1,0
E1002005,13,4,3,3,2,2,14,4,3,7,0,3,0,1,0,0,1,1,0,0,1,0,0,0,0,0,0,0,0,1,0
E1002007,16,1,2,3,1,4,12,2,2,0,0,3,0,1,0,1,0,1,0,0,1,0,0,0,0,0,0,0,0,1,0
E1002009,2,4,3,3,2,2,11,4,1,0,0,3,0,1,0,1,0,1,0,0,0,1,0,0,0,0,0,0,0,0,1
E1002010,2,3,3,3,3,4,12,2,2,6,0,3,0,1,1,0,0,0,1,0,1,0,0,0,0,0,0,0,0,0,1
E1002011,13,5,2,2,2,1,13,2,3,2,2,2,0,1,1,0,0,0,1,0,0,1,0,0,0,0,0,0,0,0,1
E1002012,1,2,1,1,2,2,15,2,3,0,0,3,0,1,0,0,1,1,0,0,1,0,0,0,0,0,0,0,0,0,1
E1002014,24,1,4,3,2,4,20,4,2,4,1,4,1,0,0,0,1,1,0,0,0,0,0,0,1,0,0,0,0,1,0
E1002015,1,3,4,3,2,4,15,4,3,8,5,3,0,1,0,1,0,0,1,0,1,0,0,0,0,0,0,0,0,1,0
E1002017,19,3,4,1,3,3,13,3,1,3,0,3,0,1,0,1,0,1,0,0,1,0,0,0,0,0,0,0,0,0,1
E1002018,7,4,2,3,5,2,14,2,2,8,12,2,0,1,0,0,1,1,0,0,0,0,1,0,0,0,0,0,0,0,1
E1002022,4,3,3,1,3,3,21,3,4,0,0,4,1,0,0,1,0,1,0,0,1,0,0,0,0,0,0,0,1,0,0
E1002023,2,4,4,2,1,1,16,4,3,7,0,3,1,0,0,0,1,1,0,0,0,0,0,0,1,0,0,0,0,1,0
E1002024,10,3,1,3,1,4,14,4,3,2,2,2,0,1,0,1,0,1,0,0,0,0,1,0,0,0,0,0,1,0,0
E1002025,8,3,3,2,1,4,11,3,2,2,1,3,1,0,1,0,0,1,0,1,0,0,0,0,0,0,0,0,1,0,0
E1002027,5,3,1,3,2,3,19,3,3,2,0,4,0,1,0,1,0,1,0,0,0,0,0,0,1,0,0,0,0,0,1
E1002029,8,3,3,3,1,4,11,3,2,2,1,3,1,0,0,0,1,1,0,0,0,0,1,0,0,0,0,0,0,1,0
E1002030,9,3,2,1,1,2,13,3,3,2,2,2,1,0,0,0,1,1,0,0,0,1,0,0,0,0,0,0,0,0,1
E1002031,1,3,4,4,2,3,12,4,4,2,0,3,0,1,0,0,1,0,1,0,1,0,0,0,0,0,0,0,0,1,0
E1002032,15,2,3,2,3,1,11,1,3,7,1,3,0,1,1,0,0,1,0,0,0,1,0,0,0,0,0,0,0,0,1
E1002033,2,4,4,4,1,4,14,1,3,0,1,3,0,1,0,1,0,0,1,0,0,0,1,0,0,0,0,0,0,1,0
E1002034,2,3,4,3,2,2,15,4,2,7,1,3,1,0,0,0,1,1,0,0,0,1,0,0,0,0,0,0,0,0,1
E1002035,11,4,4,3,2,4,12,3,4,1,0,3,1,0,0,0,1,1,0,0,0,1,0,0,0,0,0,0,0,0,1
E1002036,16,3,1,3,3,1,20,3,2,0,0,4,1,0,0,0,1,0,1,0,1,0,0,0,0,0,0,0,0,0,1
E1002038,2,2,3,2,1,2,14,2,2,1,0,3,1,0,0,1,0,1,0,0,0,0,1,0,0,0,0,0,0,1,0
E1002042,5,4,2,3,1,2,14,2,3,7,0,3,0,1,0,0,1,1,0,0,0,0,0,0,1,0,0,0,0,1,0
E1002044,18,3,2,1,2,4,16,3,3,0,1,3,0,1,0,1,0,0,1,0,0,0,1,0,0,0,0,0,0,1,0
E1002045,17,3,3,2,1,3,16,4,3,0,0,3,0,1,0,1,0,0,1,0,0,0,0,0,1,0,0,0,0,1,0
E1002048,2,3,3,2,5,1,12,2,3,0,0,3,0,1,0,1,0,1,0,0,0,0,1,0,0,0,0,0,0,1,0
E1002049,4,3,4,3,2,2,15,4,2,8,1,3,0,1,1,0,0,1,0,0,0,0,0,0,1,0,0,0,0,1,0
E1002050,9,4,3,3,1,1,20,2,3,3,0,4,0,1,1,0,0,1,0,0,1,0,0,0,0,0,0,0,0,1,0
E1002052,10,3,4,3,2,3,14,3,3,14,0,3,0,1,1,0,0,0,1,0,1,0,0,0,0,0,0,0,0,0,1
E1002053,1,4,1,2,4,3,20,4,2,2,0,3,1,0,0,1,0,0,1,0,0,0,1,0,0,0,0,0,0,1,0
E1002056,2,3,2,3,1,4,13,2,3,7,1,2,0,1,0,0,1,1,0,0,1,0,0,0,0,0,0,0,1,0,0
E1002057,3,2,4,1,2,4,12,1,3,2,2,3,1,0,0,0,1,1,0,0,1,0,0,0,0,0,0,0,0,0,1
E1002058,7,1,2,3,1,2,13,2,3,0,1,3,0,1,0,0,1,1,0,0,0,1,0,0,0,0,0,0,0,0,1
E1002060,6,2,4,2,1,3,11,2,3,4,0,3,1,0,0,1,0,1,0,0,0,0,0,1,0,0,0,0,0,1,0
E1002061,8,1,3,3,1,1,17,3,3,0,0,3,1,0,0,1,0,0,1,0,0,0,1,0,0,0,0,0,0,1,0
E1002062,29,4,1,2,2,4,14,1,3,7,5,2,1,0,0,1,0,1,0,0,0,1,0,0,0,0,0,0,0,0,1
E1002067,2,4,3,3,5,4,17,3,3,1,2,3,0,1,1,0,0,0,1,0,0,0,1,0,0,0,0,0,0,1,0
E1002068,10,3,4,3,3,1,13,4,3,8,5,3,0,1,0,1,0,0,1,0,1,0,0,0,0,0,0,0,0,1,0
E1002070,1,2,3,3,1,2,12,3,2,3,2,3,0,1,1,0,0,0,1,0,0,0,1,0,0,0,0,0,0,1,0
E1002072,8,2,3,3,2,2,13,3,2,0,4,3,0,1,1,0,0,1,0,0,0,0,0,1,0,0,0,0,1,0,0
E1002076,8,4,4,4,1,1,19,2,3,8,7,3,0,1,0,1,0,1,0,0,1,0,0,0,0,0,0,0,0,1,0
E1002079,26,2,2,2,2,2,15,3,3,2,2,2,0,1,0,0,1,1,0,0,1,0,0,0,0,0,0,0,0,0,1
E1002080,2,2,3,3,1,1,17,4,2,3,0,3,1,0,0,1,0,1,0,0,1,0,0,0,0,0,0,0,0,1,0
E1002082,2,2,2,3,2,4,14,3,3,7,1,2,0,1,1,0,0,1,0,0,0,0,1,0,0,0,0,0,0,1,0
E1002083,2,3,1,3,1,2,13,4,3,10,3,2,0,1,1,0,0,1,0,1,0,0,0,0,0,0,0,0,1,0,0
E1002085,9,4,4,3,2,1,17,3,2,1,0,3,0,1,0,1,0,1,0,0,1,0,0,0,0,0,0,0,0,1,0
E1002090,20,3,3,3,2,4,18,4,3,1,2,3,0,1,1,0,0,1,0,0,1,0,0,0,0,0,0,0,0,0,1
E1002091,9,3,1,3,1,3,13,3,2,2,1,2,0,1,0,0,1,1,0,0,1,0,0,0,0,0,0,0,0,1,0
E1002092,5,3,2,4,2,2,12,1,1,2,1,2,0,1,0,0,1,1,0,0,1,0,0,0,0,0,0,0,0,1,0
E1002093,4,1,3,3,3,3,13,4,4,14,13,3,1,0,1,0,0,0,1,0,0,1,0,0,0,0,0,0,0,0,1
E1002101,8,2,2,4,2,3,21,3,3,8,4,2,0,1,0,1,0,1,0,0,0,0,0,0,1,0,0,0,0,0,1
E1002102,2,3,2,3,4,2,22,4,2,9,14,2,0,1,1,0,0,1,0,0,0,0,1,0,0,0,0,0,0,0,1
E1002104,23,4,2,1,1,3,16,2,4,4,0,3,0,1,0,1,0,1,0,0,0,0,1,0,0,0,0,0,0,1,0
E1002105,4,3,3,2,3,2,12,3,3,11,14,3,1,0,1,0,0,0,1,0,1,0,0,0,0,0,0,0,0,1,0
E1002107,12,3,2,3,2,1,12,2,3,4,7,2,1,0,1,0,0,1,0,0,1,0,0,0,0,0,0,0,0,1,0
E1002108,7,4,4,3,2,4,15,2,2,1,1,3,1,0,0,1,0,1,0,0,0,0,1,0,0,0,0,0,0,1,0
E1002111,7,4,1,3,3,1,14,4,3,2,2,2,1,0,0,1,0,1,0,0,0,1,0,0,0,0,0,0,0,0,1
E1002113,2,4,2,1,2,4,20,1,2,2,0,3,1,0,0,1,0,0,1,0,0,1,0,0,0,0,0,0,0,0,1
E1002114,10,3,3,3,2,4,13,1,3,3,1,3,0,1,0,0,1,1,0,0,0,0,1,0,0,0,0,0,0,0,1
E1002115,15,4,1,3,4,3,14,2,3,2,2,2,0,1,0,1,0,0,1,0,1,0,0,0,0,0,0,0,0,1,0
E1002117,14,3,2,3,1,3,16,3,1,0,0,3,1,0,0,0,1,1,0,0,0,0,1,0,0,0,0,0,0,1,0
E1002120,18,5,4,4,1,1,17,3,3,0,0,3,0,1,0,1,0,1,0,1,0,0,0,0,0,0,0,0,1,0,0
E1002123,2,4,3,3,2,3,22,2,4,7,5,4,1,0,0,1,0,1,0,0,1,0,0,0,0,0,0,0,0,0,1
E1002125,2,4,4,3,2,2,22,4,3,0,0,4,1,0,0,1,0,0,1,0,0,0,0,1,0,0,0,0,0,1,0
E1002127,2,4,1,3,2,4,20,3,3,7,7,2,0,1,0,1,0,1,0,0,1,0,0,0,0,0,0,0,0,0,1
E1002128,5,2,4,3,1,4,14,3,2,4,0,3,1,0,0,0,1,0,1,0,1,0,0,0,0,0,0,0,0,1,0
E1002130,20,1,4,3,1,4,13,2,4,8,3,3,0,1,0,1,0,1,0,0,0,0,1,0,0,0,0,0,0,1,0
E1002131,10,4,4,3,2,4,13,3,4,0,0,3,0,1,0,0,1,1,0,0,0,1,0,0,0,0,0,0,0,0,1
E1002132,10,4,3,3,1,3,22,2,2,3,3,4,0,1,0,1,0,1,0,0,0,0,0,0,1,0,0,0,0,1,0
E1002134,9,4,2,3,1,3,12,3,3,2,2,2,1,0,0,0,1,1,0,0,1,0,0,0,0,0,0,0,0,1,0
E1002135,2,2,4,3,3,4,14,3,2,8,4,3,0,1,1,0,0,1,0,0,1,0,0,0,0,0,0,0,0,1,0
E1002136,1,2,3,3,1,4,15,2,3,2,2,3,0,1,1,0,0,1,0,0,1,0,0,0,0,0,0,0,1,0,0
E1002137,29,1,4,1,2,3,17,4,3,0,1,3,0,1,1,0,0,1,0,0,1,0,0,0,0,0,0,0,0,1,0
E1002138,8,3,4,3,1,3,13,4,3,0,0,3,0,1,0,0,1,1,0,0,1,0,0,0,0,0,0,0,0,1,0
E1002140,2,4,3,2,2,2,12,3,2,2,2,3,0,1,0,0,1,0,1,0,0,1,0,0,0,0,0,0,0,0,1
E1002141,3,3,1,4,4,1,12,4,3,17,2,2,1,0,1,0,0,1,0,0,0,0,0,0,1,0,0,0,0,0,1
E1002142,23,1,2,2,2,3,21,4,3,8,5,2,1,0,0,1,0,1,0,0,0,0,1,0,0,0,0,0,0,0,1
E1002143,6,1,4,2,1,2,11,4,3,0,0,3,0,1,0,1,0,1,0,0,0,0,1,0,0,0,0,0,1,0,0
E1002145,10,3,4,2,5,2,12,4,3,10,12,3,0,1,0,1,0,1,0,0,1,0,0,0,0,0,0,0,0,1,0
E1002146,24,2,4,2,1,4,24,2,2,0,1,4,0,1,0,0,1,0,1,0,1,0,0,0,0,0,0,0,0,1,0
E1002151,2,4,2,2,1,4,20,2,4,2,0,3,0,1,0,1,0,1,0,0,0,0,0,0,1,0,0,0,0,1,0
E1002153,3,3,2,3,1,2,19,4,3,0,0,3,1,0,0,1,0,1,0,0,0,0,1,0,0,0,0,0,0,0,1
E1002154,9,3,2,3,1,4,13,3,2,0,0,3,0,1,0,0,1,1,0,0,0,0,1,0,0,0,0,0,0,0,1
E1002156,7,1,4,3,1,2,23,1,3,0,0,4,0,1,0,0,1,0,1,0,1,0,0,0,0,0,0,0,0,1,0
E1002158,10,4,2,2,2,3,13,1,3,9,1,2,1,0,0,1,0,0,1,0,0,0,0,0,1,0,0,0,0,0,1
E1002160,4,3,3,3,3,4,13,4,3,3,1,3,0,1,0,1,0,0,1,0,1,0,0,0,0,0,0,0,0,0,1
E1002161,7,3,4,3,1,1,14,2,3,2,1,3,0,1,0,0,1,1,0,0,1,0,0,0,0,0,0,0,0,1,0
E1002163,7,4,4,3,2,1,22,3,3,3,0,4,0,1,0,1,0,0,1,0,0,0,1,0,0,0,0,0,0,1,0
E1002164,16,2,4,2,2,2,11,4,3,2,0,3,1,0,0,1,0,0,1,0,0,0,0,1,0,0,0,0,0,1,0
E1002166,25,2,2,2,2,4,13,4,2,8,3,2,1,0,0,1,0,1,0,0,1,0,0,0,0,0,0,0,0,1,0
E1002168,2,1,2,2,2,4,21,4,2,1,0,4,0,1,0,0,1,1,0,1,0,0,0,0,0,0,0,0,1,0,0
E1002170,1,4,1,3,4,1,11,1,3,7,11,2,0,1,1,0,0,1,0,0,1,0,0,0,0,0,0,0,0,1,0
E1002171,1,2,2,2,1,3,13,3,2,0,1,3,1,0,0,1,0,0,1,0,1,0,0,0,0,0,0,0,0,1,0
E1002176,2,2,1,4,2,3,14,2,2,7,0,3,1,0,0,0,1,1,0,0,0,0,1,0,0,0,0,0,0,0,1
E1002178,22,3,4,3,4,4,11,2,3,17,4,3,1,0,1,0,0,1,0,0,0,0,1,0,0,0,0,0,0,1,0
E1002181,1,4,2,4,2,1,15,4,3,0,2,3,0,1,0,1,0,1,0,0,1,0,0,0,0,0,0,0,0,1,0
E1002183,16,4,4,1,1,1,23,2,3,2,3,4,0,1,0,1,0,0,1,0,0,0,0,0,1,0,0,0,0,1,0
E1002185,24,2,1,3,1,4,16,4,3,2,1,2,0,1,0,0,1,1,0,0,1,0,0,0,0,0,0,0,0,1,0
E1002186,17,2,3,2,2,2,16,3,1,2,1,2,0,1,0,1,0,1,0,0,0,1,0,0,0,0,0,0,0,0,1
E1002187,8,3,3,3,2,2,21,3,3,4,1,4,1,0,0,1,0,1,0,0,0,1,0,0,0,0,0,0,0,0,1
E1002189,6,3,3,3,3,1,13,2,4,7,5,3,0,1,0,1,0,1,0,0,0,0,1,0,0,0,0,0,0,1,0
E1002190,10,2,3,3,2,4,11,4,3,2,1,3,1,0,1,0,0,0,1,0,0,0,1,0,0,0,0,0,0,0,1
E1002193,3,1,4,2,2,4,12,3,2,2,0,3,1,0,0,1,0,0,1,0,0,0,1,0,0,0,0,0,0,0,1
E1002194,4,3,1,4,1,3,12,2,2,2,2,2,1,0,1,0,0,1,0,0,0,0,1,0,0,0,0,0,0,1,0
E1002196,6,3,3,4,1,4,18,1,3,7,7,3,0,1,0,1,0,1,0,0,0,0,0,1,0,0,0,0,0,1,0
E1002200,1,4,2,3,2,3,12,3,3,2,0,3,0,1,0,0,1,1,0,0,0,0,1,0,0,0,0,0,0,1,0
E1002202,10,4,2,3,2,3,14,2,2,4,0,3,0,1,0,0,1,1,0,0,0,1,0,0,0,0,0,0,0,0,1
E1002205,1,2,3,2,2,4,12,3,3,7,0,3,0,1,0,1,0,0,1,0,1,0,0,0,0,0,0,0,0,0,1
E1002207,21,4,1,1,2,3,19,3,3,2,1,2,1,0,0,1,0,1,0,0,1,0,0,0,0,0,0,0,0,0,1
E1002209,2,4,2,3,1,2,11,3,2,3,1,2,0,1,0,1,0,1,0,0,0,0,0,0,1,0,0,0,0,1,0
E1002210,22,4,3,2,2,4,15,2,3,10,6,3,0,1,0,1,0,0,1,0,0,0,0,1,0,0,0,0,0,1,0
E1002212,14,4,3,3,2,2,18,3,4,7,1,3,0,1,0,1,0,1,0,0,0,0,0,0,1,0,0,0,0,1,0
E1002213,11,5,4,2,2,1,16,3,3,0,0,3,1,0,0,1,0,1,0,0,0,1,0,0,0,0,0,0,0,0,1
E1002215,8,3,4,2,2,2,16,3,3,11,0,3,1,0,1,0,0,0,1,0,0,0,1,0,0,0,0,0,0,1,0
E1002216,21,3,4,3,4,4,13,3,2,0,0,3,1,0,0,1,0,0,1,0,1,0,0,0,0,0,0,0,0,0,1
E1002217,5,2,1,4,1,3,14,1,3,1,0,3,1,0,0,0,1,0,1,0,1,0,0,0,0,0,0,0,0,1,0
E1002218,9,2,2,3,1,4,19,4,4,2,0,4,0,1,1,0,0,1,0,0,1,0,0,0,0,0,0,0,0,1,0
E1002219,2,1,2,3,5,4,15,4,3,4,4,2,0,1,0,1,0,1,0,0,1,0,0,0,0,0,0,0,0,1,0
E1002221,12,4,2,3,2,4,12,3,3,0,0,3,0,1,1,0,0,0,1,0,0,1,0,0,0,0,0,0,0,0,1
E1002222,22,3,1,2,1,2,12,1,3,0,0,3,1,0,0,1,0,1,0,1,0,0,0,0,0,0,0,0,1,0,0
E1002223,18,4,2,3,2,1,16,4,1,3,0,2,0,1,0,1,0,1,0,0,0,0,1,0,0,0,0,0,0,0,1
E1002225,16,3,3,3,1,3,14,3,2,3,1,3,0,1,0,0,1,1,0,0,0,0,1,0,0,0,0,0,0,1,0
E1002226,3,2,3,3,1,1,13,4,4,2,2,3,0,1,1,0,0,0,1,0,0,0,1,0,0,0,0,0,0,1,0
E1002227,9,4,1,4,1,2,22,2,3,4,0,3,0,1,0,1,0,1,0,0,1,0,0,0,0,0,0,0,0,1,0
E1002228,1,3,1,3,3,4,21,1,2,8,2,2,0,1,0,0,1,1,0,0,0,1,0,0,0,0,0,0,0,0,1
E1002229,13,4,4,3,3,3,18,3,2,7,1,3,0,1,1,0,0,1,0,0,0,0,1,0,0,0,0,0,0,0,1
E1002230,1,3,3,3,1,1,13,4,2,7,7,3,0,1,0,0,1,1,0,0,0,0,1,0,0,0,0,0,0,1,0
E1002233,15,4,3,3,2,4,18,2,3,1,1,3,1,0,1,0,0,1,0,0,0,0,1,0,0,0,0,0,0,1,0
E1002238,17,3,3,2,1,4,12,1,2,1,0,3,0,1,1,0,0,1,0,0,0,0,0,0,1,0,0,0,0,1,0
E1002239,1,3,1,2,1,1,14,1,2,0,0,3,0,1,0,0,1,1,0,0,1,0,0,0,0,0,0,0,0,0,1
E1002240,7,4,3,3,2,4,11,4,3,8,0,3,1,0,0,1,0,0,1,0,1,0,0,0,0,0,0,0,0,0,1
E1002243,9,3,4,3,2,4,14,1,3,7,0,3,0,1,0,0,1,1,0,0,0,1,0,0,0,0,0,0,0,0,1
E1002244,5,4,4,2,2,4,24,2,3,0,0,4,0,1,0,0,1,1,0,0,1,0,0,0,0,0,0,0,0,1,0
E1002245,26,4,1,3,2,4,11,3,3,7,0,3,0,1,0,1,0,0,1,0,0,1,0,0,0,0,0,0,0,0,1
E1002246,24,4,1,3,3,1,13,2,2,2,2,2,0,1,0,0,1,0,1,0,1,0,0,0,0,0,0,0,0,0,1
E1002247,9,2,1,3,2,3,11,3,2,3,2,2,1,0,0,1,0,1,0,0,1,0,0,0,0,0,0,0,0,1,0
E1002248,7,2,4,3,2,3,20,3,3,7,2,4,0,1,1,0,0,1,0,0,1,0,0,0,0,0,0,0,0,1,0
E1002249,11,3,1,3,3,3,17,2,3,9,0,3,0,1,0,1,0,1,0,0,1,0,0,0,0,0,0,0,0,1,0
E1002250,1,4,4,3,1,2,11,2,3,2,1,3,0,1,0,1,0,0,1,0,0,0,0,1,0,0,0,0,1,0,0
E1002251,26,4,3,4,5,2,18,1,3,9,1,3,0,1,0,1,0,0,1,1,0,0,0,0,0,0,0,0,1,0,0
E1002252,2,1,4,1,1,4,11,3,3,0,0,3,1,0,1,0,0,0,1,0,0,0,1,0,0,0,0,0,0,1,0
E1002253,15,4,2,3,4,1,12,1,3,8,11,2,0,1,0,0,1,1,0,0,0,1,0,0,0,0,0,0,0,0,1
E1002254,23,2,4,2,2,3,12,4,3,9,3,3,0,1,0,0,1,1,0,0,1,0,0,0,0,0,0,0,0,1,0
E1002257,10,3,3,3,3,3,20,3,4,7,4,4,1,0,0,1,0,1,0,0,0,0,1,0,0,0,0,0,0,1,0
E1002258,10,3,3,3,2,1,19,4,3,2,1,3,1,0,0,0,1,0,1,0,0,0,1,0,0,0,0,0,0,1,0
E1002259,1,2,2,2,2,3,12,2,2,3,1,2,0,1,0,0,1,1,0,0,1,0,0,0,0,0,0,0,0,1,0
E1002260,12,2,4,3,1,4,13,3,4,2,1,3,0,1,0,0,1,1,0,0,0,0,0,1,0,0,0,0,0,1,0
E1002263,11,3,4,3,2,3,11,1,4,9,9,3,1,0,0,1,0,1,0,0,0,0,0,0,1,0,0,0,0,1,0
E1002264,2,2,2,3,2,2,14,3,3,8,5,2,1,0,0,1,0,1,0,0,0,1,0,0,0,0,0,0,0,0,1
E1002265,2,3,3,3,1,2,14,3,3,0,1,3,1,0,0,1,0,1,0,1,0,0,0,0,0,0,0,0,1,0,0
E1002267,1,2,4,3,1,2,13,3,2,8,1,3,0,1,0,1,0,1,0,0,0,0,1,0,0,0,0,0,0,1,0
E1002270,2,1,4,3,1,3,19,3,2,2,0,3,0,1,1,0,0,0,1,0,0,0,0,1,0,0,0,0,0,1,0
E1002271,25,3,1,3,3,3,23,2,3,14,12,2,0,1,0,0,1,1,0,0,0,0,1,0,0,0,0,0,0,1,0
E1002273,1,4,4,3,2,2,15,1,3,13,5,3,0,1,0,1,0,1,0,0,1,0,0,0,0,0,0,0,0,0,1
E1002274,2,2,1,3,1,3,19,3,3,2,1,2,0,1,0,1,0,1,0,0,1,0,0,0,0,0,0,0,0,0,1
E1002276,18,4,4,3,2,1,17,3,2,3,1,3,0,1,1,0,0,0,1,0,1,0,0,0,0,0,0,0,0,1,0
E1002277,1,3,4,3,1,4,22,1,3,3,1,4,0,1,0,1,0,1,0,0,1,0,0,0,0,0,0,0,0,1,0
E1002278,1,1,3,3,3,2,18,1,1,8,5,2,1,0,0,1,0,1,0,0,0,0,1,0,0,0,0,0,0,1,0
E1002281,11,4,4,3,1,3,11,3,3,2,2,3,0,1,0,1,0,0,1,0,0,0,1,0,0,0,0,0,0,1,0
E1002285,1,2,4,3,1,3,12,4,4,2,1,3,0,1,0,0,1,1,0,0,1,0,0,0,0,0,0,0,0,1,0
E1002286,9,4,2,3,2,3,19,2,3,7,0,3,0,1,0,0,1,1,0,0,0,0,1,0,0,0,0,0,0,1,0
E1002287,15,2,2,3,2,4,13,1,3,7,8,2,1,0,0,1,0,0,1,0,0,0,1,0,0,0,0,0,0,1,0
E1002288,29,4,3,2,1,2,13,3,3,2,4,3,1,0,0,0,1,1,0,0,1,0,0,0,0,0,0,0,0,1,0
E1002290,1,4,1,3,1,4,19,3,2,0,0,3,0,1,0,1,0,1,0,0,1,0,0,0,0,0,0,0,0,1,0
E1002291,1,4,2,2,1,2,14,2,3,2,2,2,0,1,0,1,0,1,0,0,0,0,1,0,0,0,0,0,0,0,1
E1002292,24,1,1,3,2,4,13,1,3,7,1,2,0,1,0,0,1,1,0,0,1,0,0,0,0,0,0,0,0,1,0
E1002293,10,3,2,1,3,3,12,1,3,16,1,2,1,0,0,1,0,1,0,0,0,0,1,0,0,0,0,0,0,1,0
E1002295,10,3,3,4,3,4,25,1,3,11,6,4,1,0,0,1,0,0,1,0,1,0,0,0,0,0,0,0,0,1,0
E1002296,8,2,1,3,2,3,22,2,2,3,0,3,1,0,1,0,0,0,1,0,0,0,0,1,0,0,0,0,0,0,1
E1002297,29,4,1,3,1,4,15,2,2,8,0,3,0,1,1,0,0,1,0,0,1,0,0,0,0,0,0,0,0,0,1
E1002298,1,3,2,3,1,4,12,3,3,3,1,2,0,1,0,0,1,0,1,0,0,0,1,0,0,0,0,0,0,1,0
E1002299,5,1,3,3,1,1,11,4,3,2,1,3,0,1,0,0,1,0,1,0,0,0,1,0,0,0,0,0,0,0,1
E1002301,9,3,4,3,1,1,19,1,2,0,1,3,0,1,0,1,0,1,0,0,0,1,0,0,0,0,0,0,0,0,1
E1002302,3,3,1,2,3,4,19,3,3,7,3,2,1,0,0,1,0,1,0,0,0,0,1,0,0,0,0,0,0,0,1
E1002303,4,2,4,3,2,2,13,2,3,2,0,3,1,0,1,0,0,1,0,0,1,0,0,0,0,0,0,0,0,1,0
E1002304,1,4,3,3,2,3,21,1,2,12,1,4,0,1,1,0,0,1,0,0,1,0,0,0,0,0,0,0,0,1,0
E1002305,1,4,1,3,1,4,14,2,4,2,2,2,0,1,0,1,0,0,1,0,0,0,1,0,0,0,0,0,0,1,0
E1002310,7,2,4,3,1,3,11,4,1,9,9,2,0,1,0,1,0,1,0,0,0,0,0,0,1,0,0,0,0,1,0
E1002312,28,4,1,2,4,2,23,3,3,7,0,3,1,0,0,1,0,1,0,0,1,0,0,0,0,0,0,0,0,1,0
E1002313,28,3,4,2,2,3,21,4,3,7,1,4,1,0,0,1,0,1,0,0,0,1,0,0,0,0,0,0,0,0,1
E1002314,15,4,4,1,2,4,24,1,2,12,11,4,0,1,1,0,0,1,0,0,0,1,0,0,0,0,0,0,0,0,1
E1002315,3,3,3,2,2,2,11,3,3,4,0,3,0,1,1,0,0,1,0,0,1,0,0,0,0,0,0,0,0,0,1
E1002316,2,3,4,3,1,1,14,4,3,2,1,3,0,1,0,0,1,1,0,0,0,0,0,0,1,0,0,0,0,1,0
E1002318,26,4,3,3,3,4,16,3,3,0,1,3,1,0,0,0,1,0,1,0,1,0,0,0,0,0,0,0,1,0,0
E1002319,10,2,1,3,2,4,11,3,3,7,1,2,1,0,0,1,0,1,0,0,1,0,0,0,0,0,0,0,0,0,1
E1002322,1,4,2,3,2,3,12,4,3,3,0,4,0,1,1,0,0,1,0,0,1,0,0,0,0,0,0,0,0,0,1
E1002323,11,4,2,2,2,4,13,1,2,3,0,3,1,0,0,1,0,1,0,0,0,1,0,0,0,0,0,0,0,0,1
E1002326,2,4,3,2,1,3,14,4,3,2,2,3,0,1,0,0,1,1,0,0,1,0,0,0,0,0,0,0,0,1,0
E1002327,18,4,3,3,2,3,14,4,4,2,0,3,0,1,0,1,0,0,1,0,1,0,0,0,0,0,0,0,0,1,0
E1002329,2,4,3,3,1,3,14,2,3,3,0,3,1,0,0,1,0,1,0,0,0,0,1,0,0,0,0,0,0,1,0
E1002330,1,4,3,1,1,4,12,4,3,3,1,3,1,0,0,1,0,1,0,0,1,0,0,0,0,0,0,0,0,1,0
E1002331,13,2,4,2,2,2,13,1,3,3,0,3,0,1,0,1,0,0,1,0,0,0,0,1,0,0,0,0,0,1,0
E1002332,28,4,4,2,1,1,14,2,1,4,0,2,1,0,0,0,1,1,0,0,0,0,1,0,0,0,0,0,0,1,0
E1002333,28,3,4,2,3,1,13,2,3,2,2,3,0,1,1,0,0,0,1,0,0,1,0,0,0,0,0,0,0,0,1
E1002334,24,1,2,2,4,4,11,1,2,9,9,2,1,0,0,1,0,1,0,0,0,1,0,0,0,0,0,0,0,0,1
E1002335,5,3,2,3,2,1,19,2,3,4,1,2,0,1,0,0,1,1,0,0,0,0,1,0,0,0,0,0,0,1,0
E1002338,5,3,4,2,1,3,18,4,3,2,0,3,1,0,0,0,1,1,0,0,0,0,0,1,0,0,0,0,0,0,1
E1002340,6,1,4,2,3,1,15,1,3,7,1,3,0,1,0,1,0,1,0,0,0,0,1,0,0,0,0,0,0,1,0
E1002342,4,3,2,4,2,2,20,2,3,2,0,3,0,1,0,1,0,0,1,0,1,0,0,0,0,0,0,0,0,1,0
E1002343,2,3,4,2,2,2,14,4,2,6,0,3,0,1,0,1,0,1,0,0,0,0,1,0,0,0,0,0,0,0,1
E1002346,8,3,2,4,2,3,12,1,4,3,1,3,0,1,0,1,0,1,0,0,0,0,1,0,0,0,0,0,0,1,0
E100279,1,2,2,3,2,4,11,1,1,4,0,2,1,0,0,0,1,0,1,0,1,0,0,0,0,0,0,0,0,0,1
E100285,2,1,1,3,1,2,12,4,3,2,2,2,0,1,0,1,0,1,0,0,0,0,1,0,0,0,1,0,0,0,0
E100286,2,2,4,3,1,4,13,3,2,7,3,3,0,1,0,0,1,1,0,0,1,0,0,0,0,0,1,0,0,0,0
E100288,3,3,3,4,1,1,20,1,2,0,0,4,1,0,0,1,0,0,1,0,0,0,1,0,0,0,1,0,0,0,0
E100289,24,1,4,3,1,3,22,2,3,0,0,4,0,1,1,0,0,1,0,0,1,0,0,0,0,0,1,0,0,0,0
E100291,27,3,3,3,2,3,13,2,2,7,7,3,0,1,0,1,0,1,0,0,0,0,1,0,0,0,1,0,0,0,0
E100292,16,3,1,4,1,2,13,3,3,4,0,3,0,1,0,1,0,1,0,0,0,0,1,0,0,0,1,0,0,0,0
E100294,26,1,1,3,1,3,17,4,2,2,4,2,0,1,1,0,0,1,0,0,1,0,0,0,0,0,1,0,0,0,0
E100296,19,2,2,3,1,4,11,3,3,2,1,2,0,1,1,0,0,1,0,0,0,0,1,0,0,0,1,0,0,0,0
E100297,24,3,3,2,1,3,14,2,3,2,0,3,0,1,0,0,1,0,1,0,1,0,0,0,0,0,1,0,0,0,0
E100298,21,4,2,4,3,1,11,3,3,9,8,2,1,0,1,0,0,1,0,0,1,0,0,0,0,0,1,0,0,0,0
E100300,16,2,4,4,1,4,13,2,2,0,0,3,0,1,1,0,0,0,1,0,0,0,1,0,0,0,1,0,0,0,0
E100301,2,4,1,2,4,4,16,3,3,8,3,2,1,0,0,1,0,1,0,0,1,0,0,0,0,0,0,0,0,0,1
E100302,2,3,4,3,1,4,11,3,3,2,1,3,0,1,0,0,1,0,1,0,1,0,0,0,0,0,1,0,0,0,0
E100304,11,2,1,4,2,3,18,4,2,2,1,3,1,0,1,0,0,1,0,0,0,0,0,1,0,0,1,0,0,0,0
E100306,7,4,1,3,3,2,11,3,3,6,2,3,1,0,0,0,1,1,0,0,1,0,0,0,0,0,1,0,0,0,0
E100309,6,1,2,3,1,1,11,3,3,2,1,3,0,1,0,0,1,1,0,0,0,0,1,0,0,0,1,0,0,0,0
E100310,5,3,3,3,5,3,11,4,2,13,4,3,1,0,1,0,0,1,0,0,0,0,0,1,0,0,1,0,0,0,0
E100311,16,1,2,1,1,1,22,2,3,2,6,3,1,0,0,0,1,0,1,0,1,0,0,0,0,0,1,0,0,0,0
E100313,8,4,3,3,2,2,11,4,3,7,4,3,0,1,0,1,0,1,0,0,0,1,0,0,0,0,0,0,0,0,1
E100314,7,4,1,2,3,4,14,4,3,6,5,3,1,0,0,1,0,1,0,0,0,0,1,0,0,0,1,0,0,0,0
E100316,2,4,2,3,5,1,12,4,2,2,2,2,1,0,0,0,1,1,0,0,0,1,0,0,0,0,0,0,0,0,1
E100317,2,3,3,3,1,4,11,4,3,1,0,3,0,1,0,0,1,1,0,0,0,0,1,0,0,0,1,0,0,0,0
E100318,10,4,4,3,2,4,13,4,4,2,1,3,0,1,0,1,0,0,1,0,0,0,0,1,0,0,1,0,0,0,0
E100323,1,3,2,3,1,4,16,1,2,0,2,3,0,1,0,1,0,0,1,0,0,0,1,0,0,0,1,0,0,0,0
E100324,2,2,4,4,1,3,12,4,2,3,1,3,1,0,1,0,0,1,0,0,0,0,1,0,0,0,1,0,0,0,0
E100325,3,2,1,2,1,3,14,3,3,2,0,3,0,1,0,1,0,0,1,0,0,1,0,0,0,0,0,0,0,0,1
E100327,2,3,4,3,1,4,13,1,3,2,2,3,1,0,0,1,0,1,0,0,0,1,0,0,0,0,0,0,0,0,1
E100329,5,4,2,2,1,1,14,4,4,1,0,3,1,0,0,1,0,0,1,0,1,0,0,0,0,0,1,0,0,0,0
E100330,1,3,3,4,2,1,19,1,3,3,1,3,1,0,0,1,0,1,0,0,1,0,0,0,0,0,0,0,0,0,1
E100331,4,2,3,3,1,4,12,3,3,0,0,3,0,1,1,0,0,1,0,0,0,0,0,1,0,0,1,0,0,0,0
E100332,2,4,4,3,1,1,13,4,3,0,0,3,1,0,1,0,0,1,0,0,1,0,0,0,0,0,1,0,0,0,0
E100333,25,3,1,1,1,3,12,3,2,0,0,3,0,1,0,0,1,1,0,0,1,0,0,0,0,0,1,0,0,0,0
E100334,8,3,4,3,3,3,15,4,3,8,1,3,0,1,0,0,1,1,0,0,1,0,0,0,0,0,0,0,0,0,1
E100335,1,2,3,3,2,4,23,4,3,8,3,4,1,0,0,0,1,1,0,0,0,0,1,0,0,0,1,0,0,0,0
E100338,23,4,2,3,2,3,20,3,3,5,8,2,0,1,0,0,1,1,0,0,0,1,0,0,0,0,0,0,0,0,1
E100339,19,2,2,3,1,2,21,1,3,0,0,4,0,1,0,1,0,1,0,0,1,0,0,0,0,0,1,0,0,0,0
E100340,5,4,1,3,2,4,21,3,3,6,0,3,0,1,0,0,1,0,1,0,0,1,0,0,0,0,0,0,0,0,1
E100341,8,1,4,4,1,4,19,4,3,0,0,3,0,1,0,1,0,1,0,0,1,0,0,0,0,0,1,0,0,0,0
E100342,1,2,1,2,3,3,13,4,3,0,0,3,0,1,0,0,1,0,1,0,1,0,0,0,0,0,1,0,0,0,0
E100343,5,4,3,3,1,3,13,3,2,2,2,3,0,1,0,0,1,0,1,0,0,0,0,0,1,0,1,0,0,0,0
E100346,1,5,2,3,2,1,21,3,2,3,1,2,1,0,1,0,0,0,1,0,0,1,0,0,0,0,0,0,0,0,1
E100348,11,2,3,2,3,1,13,3,3,0,2,3,0,1,0,1,0,0,1,0,0,0,1,0,0,0,1,0,0,0,0
E100350,23,3,3,2,2,4,19,3,2,2,0,3,1,0,0,1,0,0,1,0,0,1,0,0,0,0,0,0,0,0,1
E100351,1,2,1,3,3,4,12,3,3,14,8,2,1,0,0,0,1,0,1,0,1,0,0,0,0,0,1,0,0,0,0
E100352,18,5,2,3,3,1,22,4,2,8,1,2,0,1,0,1,0,1,0,0,1,0,0,0,0,0,0,0,0,0,1
E100353,23,4,3,3,1,1,15,3,3,2,2,3,1,0,0,1,0,0,1,0,0,0,1,0,0,0,1,0,0,0,0
E100354,7,4,4,3,2,4,22,4,2,7,1,4,0,1,1,0,0,1,0,0,1,0,0,0,0,0,1,0,0,0,0
E100355,1,4,1,2,2,3,18,3,4,5,0,3,0,1,1,0,0,1,0,0,1,0,0,0,0,0,1,0,0,0,0
E100356,1,3,1,3,2,4,22,2,3,8,7,3,0,1,0,1,0,0,1,0,0,0,1,0,0,0,1,0,0,0,0
E100357,29,5,4,3,2,4,11,4,3,3,9,3,1,0,0,0,1,1,0,0,1,0,0,0,0,0,1,0,0,0,0
E100358,7,2,2,2,5,3,12,4,2,3,13,3,1,0,1,0,0,0,1,0,0,0,1,0,0,0,1,0,0,0,0
E100359,25,3,1,3,3,1,11,4,2,16,7,2,1,0,0,0,1,1,0,0,1,0,0,0,0,0,0,0,0,0,1
E100361,8,3,3,3,3,3,13,2,3,14,12,3,1,0,1,0,0,1,0,0,0,0,0,0,1,0,1,0,0,0,0
E100363,11,3,2,2,2,2,13,3,3,5,0,4,0,1,0,0,1,1,0,0,1,0,0,0,0,0,1,0,0,0,0
E100364,7,3,2,3,3,1,17,3,3,0,0,3,0,1,1,0,0,1,0,0,1,0,0,0,0,0,1,0,0,0,0
E100366,1,3,2,3,1,1,13,4,2,2,1,3,0,1,0,1,0,1,0,0,0,0,1,0,0,0,1,0,0,0,0
E100368,9,3,4,2,1,3,17,1,2,0,0,3,0,1,0,1,0,0,1,0,0,0,1,0,0,0,1,0,0,0,0
E100372,2,3,3,3,1,2,23,4,3,4,0,4,0,1,0,1,0,1,0,0,1,0,0,0,0,0,1,0,0,0,0
E100373,1,4,3,3,1,2,17,2,3,1,1,3,0,1,0,0,1,1,0,0,0,0,1,0,0,0,1,0,0,0,0
E100374,1,3,2,3,2,2,17,2,3,4,0,3,0,1,0,1,0,1,0,0,1,0,0,0,0,0,1,0,0,0,0
E100375,6,3,2,4,1,4,12,2,3,0,0,3,1,0,0,1,0,1,0,0,1,0,0,0,0,0,1,0,0,0,0
E100376,8,4,3,3,2,4,23,4,3,7,1,4,1,0,0,0,1,1,0,0,1,0,0,0,0,0,1,0,0,0,0
E100378,1,4,3,2,2,1,14,2,3,13,2,3,0,1,0,0,1,1,0,0,0,1,0,0,0,0,0,0,0,0,1
E100381,5,2,2,3,2,2,22,4,3,2,0,3,0,1,1,0,0,0,1,0,0,0,1,0,0,0,0,0,1,0,0
E100382,1,1,4,2,2,4,12,3,2,8,3,3,0,1,0,1,0,0,1,0,1,0,0,0,0,0,1,0,0,0,0
E100383,1,3,2,2,1,3,18,1,3,4,0,3,0,1,0,0,1,1,0,0,0,0,1,0,0,0,1,0,0,0,0
E100384,1,2,1,3,3,4,14,4,3,0,1,3,0,1,0,1,0,1,0,0,1,0,0,0,0,0,0,0,0,0,1
E100385,6,3,2,1,2,4,12,4,3,11,1,3,1,0,1,0,0,0,1,0,0,0,1,0,0,0,1,0,0,0,0
E100388,1,2,1,3,2,2,15,3,3,2,1,3,0,1,0,1,0,1,0,0,0,0,1,0,0,0,1,0,0,0,0
E100391,2,1,3,3,1,1,13,3,3,0,0,3,0,1,1,0,0,1,0,0,0,0,0,0,1,0,0,0,0,0,1
E100395,2,3,3,2,2,4,19,1,3,10,10,3,0,1,0,1,0,1,0,0,1,0,0,0,0,0,1,0,0,0,0
E100396,9,2,3,2,3,4,16,4,3,8,4,3,0,1,0,0,1,1,0,0,0,0,1,0,0,0,0,0,0,0,1
E100397,1,4,3,2,4,2,22,4,2,3,11,4,0,1,0,1,0,1,0,0,1,0,0,0,0,0,1,0,0,0,0
E100398,21,4,3,3,2,4,22,4,1,7,1,3,0,1,0,0,1,0,1,0,0,1,0,0,0,0,0,0,0,0,1
E100399,4,2,3,2,2,2,12,2,2,8,2,3,1,0,1,0,0,0,1,0,0,0,1,0,0,0,0,0,0,0,1
E100402,1,3,3,2,3,1,13,3,2,9,9,3,0,1,0,1,0,0,1,0,0,0,1,0,0,0,1,0,0,0,0
E100403,6,4,2,3,2,3,16,1,3,8,5,2,0,1,0,0,1,1,0,0,0,0,1,0,0,0,0,0,0,0,1
E100406,3,2,1,3,2,3,21,1,2,2,0,3,1,0,0,1,0,1,0,0,0,0,0,1,0,0,0,0,0,0,1
E100407,4,3,2,3,2,3,15,2,4,4,0,4,0,1,0,1,0,1,0,0,0,0,1,0,0,0,0,0,0,0,1
E100409,10,4,4,3,4,3,13,3,2,10,1,3,0,1,0,0,1,1,0,0,0,0,1,0,0,0,0,0,0,0,1
E100410,23,3,2,3,2,2,12,3,4,2,1,3,0,1,0,1,0,1,0,0,0,0,1,0,0,0,1,0,0,0,0
E100411,6,4,3,3,1,1,22,4,3,2,0,4,0,1,1,0,0,0,1,1,0,0,0,0,0,0,0,0,1,0,0
E100412,1,1,4,3,1,1,13,4,3,0,0,3,0,1,0,0,1,1,0,0,1,0,0,0,0,0,1,0,0,0,0
E100416,6,4,1,3,2,3,14,3,3,13,2,3,1,0,0,0,1,1,0,0,0,0,0,1,0,0,1,0,0,0,0
E100417,2,2,3,2,2,4,14,4,4,0,0,3,0,1,1,0,0,1,0,0,1,0,0,0,0,0,1,0,0,0,0
E100419,1,3,1,3,5,2,19,1,2,3,0,3,1,0,0,1,0,0,1,0,1,0,0,0,0,0,1,0,0,0,0
E100420,5,3,3,2,2,3,11,4,3,4,0,3,0,1,0,0,1,0,1,0,0,1,0,0,0,0,0,0,0,0,1
E100421,7,1,4,2,1,4,11,3,3,2,2,3,0,1,0,1,0,1,0,0,0,0,1,0,0,0,1,0,0,0,0
E100422,15,3,2,3,1,4,15,3,3,0,0,3,1,0,0,0,1,1,0,0,0,0,1,0,0,0,1,0,0,0,0
E100425,7,3,1,1,2,3,24,4,3,7,0,4,0,1,0,0,1,0,1,0,1,0,0,0,0,0,1,0,0,0,0
E100426,26,3,4,4,4,4,12,3,3,3,4,3,1,0,0,0,1,0,1,1,0,0,0,0,0,0,0,0,1,0,0
E100428,18,1,2,3,1,3,12,3,3,3,1,3,0,1,0,1,0,1,0,0,1,0,0,0,0,0,1,0,0,0,0
E100429,6,4,3,2,2,2,15,3,3,0,0,3,1,0,1,0,0,1,0,0,1,0,0,0,0,0,1,0,0,0,0
E100430,3,3,3,3,3,4,12,1,3,3,1,3,0,1,0,0,1,1,0,0,1,0,0,0,0,0,0,0,0,0,1
E100431,5,3,3,2,3,1,12,4,3,10,5,3,1,0,0,0,1,1,0,0,0,0,1,0,0,0,1,0,0,0,0
E100433,3,2,1,3,1,4,22,1,3,0,0,4,1,0,1,0,0,1,0,0,1,0,0,0,0,0,1,0,0,0,0
E100436,26,2,3,3,4,4,12,4,4,12,4,3,0,1,0,1,0,0,1,0,1,0,0,0,0,0,0,0,0,0,1
E100438,22,2,3,3,2,2,13,1,4,7,0,3,0,1,0,1,0,1,0,0,0,1,0,0,0,0,0,0,0,0,1
E100440,6,3,1,3,5,3,13,3,3,18,15,3,0,1,0,0,1,1,0,0,1,0,0,0,0,0,1,0,0,0,0
E100441,6,4,2,1,2,3,18,2,2,7,7,2,0,1,0,1,0,0,1,0,1,0,0,0,0,0,0,0,0,0,1
E100442,6,3,3,2,1,2,19,3,2,4,4,3,1,0,0,1,0,1,0,0,0,0,0,1,0,0,1,0,0,0,0
E100443,23,4,4,3,3,4,12,4,2,10,15,3,1,0,0,1,0,1,0,0,0,0,1,0,0,0,1,0,0,0,0
E100445,22,1,4,3,1,3,19,4,2,0,0,3,0,1,0,0,1,0,1,0,0,1,0,0,0,0,0,0,0,0,1
E100447,2,1,3,3,1,4,14,3,3,1,2,3,0,1,0,1,0,1,0,0,0,0,0,0,1,0,1,0,0,0,0
E100448,20,4,3,3,2,1,14,3,2,11,5,3,1,0,0,1,0,1,0,0,0,0,1,0,0,0,1,0,0,0,0
E100449,28,3,2,4,1,3,12,4,3,2,1,3,1,0,0,0,1,1,0,0,0,0,1,0,0,0,1,0,0,0,0
E100452,12,3,3,3,3,4,11,4,3,2,2,3,1,0,0,0,1,1,0,0,0,1,0,0,0,0,0,0,0,0,1
E100453,20,3,2,1,2,3,11,3,3,2,2,2,1,0,0,1,0,0,1,0,1,0,0,0,0,0,0,0,0,0,1
E100454,9,1,3,3,3,3,13,3,3,7,0,3,0,1,1,0,0,0,1,0,1,0,0,0,0,0,0,0,0,0,1
E100455,25,1,3,3,1,3,23,4,3,7,5,4,1,0,0,1,0,1,0,0,1,0,0,0,0,0,0,0,1,0,0
E100456,6,2,2,3,2,2,20,4,3,2,0,3,0,1,1,0,0,1,0,0,0,0,1,0,0,0,1,0,0,0,0
E100457,8,4,1,1,3,4,15,4,3,2,0,4,0,1,0,0,1,1,0,0,1,0,0,0,0,0,1,0,0,0,0
E100461,28,3,1,2,2,3,18,4,3,2,2,2,0,1,0,1,0,1,0,0,1,0,0,0,0,0,0,0,0,0,1
E100462,9,3,3,3,2,4,19,4,1,9,4,3,0,1,0,1,0,0,1,1,0,0,0,0,0,0,0,0,1,0,0
E100470,29,3,3,3,1,4,13,2,2,5,0,3,0,1,0,0,1,1,0,0,0,0,1,0,0,0,1,0,0,0,0
E100471,3,5,4,3,2,3,20,2,3,2,2,4,1,0,0,0,1,0,1,0,0,0,0,0,1,0,1,0,0,0,0
E100472,18,3,1,3,1,3,14,3,2,4,0,3,1,0,0,0,1,1,0,0,1,0,0,0,0,0,1,0,0,0,0
E100475,5,3,4,3,1,1,14,4,3,2,2,3,1,0,1,0,0,1,0,0,0,0,0,0,1,0,1,0,0,0,0
E100478,9,4,3,3,1,1,21,4,3,0,1,4,0,1,0,1,0,1,0,0,1,0,0,0,0,0,1,0,0,0,0
E100479,3,1,2,3,1,2,14,4,3,0,0,3,1,0,0,0,1,1,0,0,0,0,1,0,0,0,1,0,0,0,0
E100482,1,5,3,3,3,2,13,1,3,8,0,3,0,1,0,1,0,1,0,0,0,1,0,0,0,0,0,0,0,0,1
E100483,6,2,2,3,2,3,20,4,1,7,4,2,0,1,0,1,0,0,1,0,0,1,0,0,0,0,0,0,0,0,1
E100484,9,3,2,3,2,2,18,3,1,9,0,3,0,1,1,0,0,1,0,0,1,0,0,0,0,0,1,0,0,0,0
E100485,8,3,2,3,3,4,14,4,3,8,3,2,1,0,0,0,1,1,0,0,0,1,0,0,0,0,0,0,0,0,1
E100486,1,1,4,3,2,3,13,1,3,7,0,3,0,1,0,1,0,1,0,0,0,0,0,0,1,0,1,0,0,0,0
E100492,9,3,2,2,1,2,20,2,2,0,0,4,1,0,0,1,0,0,1,0,0,0,1,0,0,0,1,0,0,0,0
E100493,4,4,3,2,3,4,11,1,2,11,2,3,0,1,0,1,0,1,0,0,0,1,0,0,0,0,0,0,0,0,1
E100494,2,4,3,3,1,3,18,4,3,3,1,3,1,0,0,1,0,1,0,0,0,1,0,0,0,0,0,0,0,0,1
E100496,9,3,4,3,1,2,18,4,1,2,2,3,0,1,1,0,0,1,0,0,0,0,1,0,0,0,1,0,0,0,0
E100499,21,3,3,3,1,4,11,3,1,2,0,3,0,1,0,1,0,1,0,0,0,0,1,0,0,0,1,0,0,0,0
E100501,24,2,3,4,3,4,16,2,1,3,1,3,0,1,1,0,0,0,1,0,1,0,0,0,0,0,1,0,0,0,0
E100502,3,3,3,2,1,3,15,4,2,1,0,3,0,1,1,0,0,0,1,0,0,0,1,0,0,0,1,0,0,0,0
E100504,11,3,3,3,5,2,15,2,3,4,4,3,1,0,0,0,1,1,0,0,1,0,0,0,0,0,1,0,0,0,0
E100505,14,3,1,3,1,3,12,1,3,8,1,3,0,1,1,0,0,1,0,0,1,0,0,0,0,0,1,0,0,0,0
E100506,5,3,2,3,3,4,12,3,3,9,7,2,1,0,0,1,0,1,0,0,1,0,0,0,0,0,0,0,0,0,1
E100508,1,4,1,2,2,4,22,3,4,3,0,4,1,0,0,0,1,1,0,0,1,0,0,0,0,0,0,0,0,0,1
E100509,6,5,3,3,1,3,20,1,3,4,1,4,0,1,0,0,1,1,0,0,1,0,0,0,0,0,1,0,0,0,0
E100511,17,3,3,3,1,2,16,4,2,2,1,3,0,1,0,1,0,0,1,0,0,0,0,0,1,0,1,0,0,0,0
E100513,1,1,3,1,1,1,21,1,4,0,0,4,1,0,0,0,1,1,0,0,0,0,0,0,1,0,0,0,0,0,1
E100516,3,2,4,3,1,2,12,3,2,7,7,3,0,1,0,0,1,1,0,0,0,0,1,0,0,0,1,0,0,0,0
E100517,9,3,3,3,2,1,11,3,3,9,6,3,0,1,1,0,0,1,0,0,0,0,1,0,0,0,1,0,0,0,0
E100518,4,2,3,3,2,1,11,1,4,4,0,3,1,0,1,0,0,0,1,0,1,0,0,0,0,0,0,0,0,0,1
E100519,8,3,3,3,1,1,18,3,3,2,2,3,1,0,1,0,0,0,1,0,1,0,0,0,0,0,1,0,0,0,0
E100520,2,3,3,3,1,4,14,1,4,1,0,3,0,1,0,0,1,1,0,0,1,0,0,0,0,0,1,0,0,0,0
E100521,2,3,2,2,1,4,22,3,2,0,1,4,0,1,0,0,1,1,0,0,1,0,0,0,0,0,1,0,0,0,0
E100522,1,2,2,3,3,1,25,3,3,13,15,2,1,0,1,0,0,1,0,0,0,1,0,0,0,0,0,0,0,0,1
E100523,9,2,3,3,1,4,12,3,3,2,2,3,1,0,0,0,1,1,0,0,1,0,0,0,0,0,1,0,0,0,0
E100525,27,2,4,3,1,2,15,4,3,2,1,3,1,0,0,0,1,1,0,0,0,0,1,0,0,0,1,0,0,0,0
E100526,20,2,2,3,1,2,22,4,2,3,0,3,1,0,0,0,1,0,1,0,0,1,0,0,0,0,0,0,0,0,1
E100527,1,3,3,2,1,3,15,4,2,2,0,3,0,1,0,1,0,1,0,0,0,0,1,0,0,0,1,0,0,0,0
E100528,13,2,4,4,2,1,11,3,3,2,1,3,1,0,1,0,0,1,0,0,0,0,1,0,0,0,1,0,0,0,0
E100530,14,3,4,3,1,2,13,4,3,7,1,3,1,0,0,1,0,1,0,0,0,0,1,0,0,0,1,0,0,0,0
E100531,4,1,4,3,5,3,14,2,3,8,9,3,1,0,0,1,0,1,0,0,0,0,1,0,0,0,1,0,0,0,0
E100534,2,1,4,2,2,3,17,3,2,9,1,3,0,1,0,1,0,1,0,0,1,0,0,0,0,0,1,0,0,0,0
E100536,3,3,4,3,4,2,18,3,3,7,1,3,1,0,0,0,1,1,0,0,0,0,1,0,0,0,1,0,0,0,0
E100537,1,4,3,2,5,3,14,1,3,18,11,3,0,1,0,1,0,1,0,0,1,0,0,0,0,0,1,0,0,0,0
E100538,9,3,4,3,1,2,16,4,2,7,0,3,1,0,0,0,1,1,0,0,0,0,1,0,0,0,1,0,0,0,0
E100539,23,2,2,2,2,3,13,1,3,0,0,3,0,1,0,1,0,0,1,0,1,0,0,0,0,0,1,0,0,0,0
E100540,7,3,4,4,1,4,14,4,4,4,2,3,0,1,1,0,0,1,0,0,0,0,1,0,0,0,1,0,0,0,0
E100542,2,2,1,2,4,4,23,4,3,8,11,3,0,1,0,1,0,1,0,0,0,0,1,0,0,0,1,0,0,0,0
E100545,21,3,2,4,1,1,12,1,2,7,1,3,0,1,0,1,0,0,1,0,1,0,0,0,0,0,1,0,0,0,0
E100547,2,3,2,3,2,2,11,4,3,2,1,3,1,0,0,0,1,1,0,0,0,0,1,0,0,0,1,0,0,0,0
E100548,21,2,3,3,2,3,16,2,3,3,0,3,1,0,1,0,0,1,0,0,0,0,1,0,0,0,1,0,0,0,0
E100549,2,4,4,3,2,3,14,2,3,0,0,3,0,1,0,1,0,1,0,0,1,0,0,0,0,0,1,0,0,0,0
E100551,29,3,4,3,2,4,18,1,1,7,1,3,0,1,0,1,0,1,0,0,0,0,0,0,1,0,1,0,0,0,0
E100552,1,1,3,2,2,1,19,3,3,2,2,3,0,1,0,1,0,1,0,0,0,0,0,0,1,0,1,0,0,0,0
E100553,18,4,4,3,2,4,15,1,3,7,1,3,0,1,1,0,0,0,1,0,1,0,0,0,0,0,1,0,0,0,0
E100555,10,4,4,3,1,3,17,4,4,3,2,3,0,1,1,0,0,0,1,0,0,0,1,0,0,0,1,0,0,0,0
E100559,19,2,3,3,2,4,15,3,4,2,3,3,0,1,0,1,0,0,1,0,0,0,1,0,0,0,1,0,0,0,0
E100560,29,1,2,3,2,1,19,2,3,0,0,3,0,1,0,1,0,0,1,0,0,0,1,0,0,0,1,0,0,0,0
E100561,27,3,2,3,3,4,22,4,2,4,1,2,1,0,0,1,0,1,0,0,0,1,0,0,0,0,0,0,0,0,1
E100562,5,3,4,4,1,2,16,1,2,2,2,3,0,1,1,0,0,0,1,0,1,0,0,0,0,0,1,0,0,0,0
E100564,18,1,2,3,1,4,13,1,3,1,1,3,1,0,0,0,1,1,0,0,0,0,1,0,0,0,1,0,0,0,0
E100565,9,5,4,2,2,4,14,4,1,2,0,3,0,1,0,1,0,1,0,0,1,0,0,0,0,0,1,0,0,0,0
E100569,4,4,4,1,3,4,11,3,2,8,9,3,0,1,0,1,0,1,0,0,0,0,1,0,0,0,0,0,0,0,1
E100571,20,3,4,3,2,3,14,4,3,7,0,3,1,0,0,0,1,1,0,0,1,0,0,0,0,0,0,0,0,0,1
E100574,8,4,2,2,3,2,16,4,1,9,4,3,0,1,0,1,0,1,0,0,1,0,0,0,0,1,0,0,0,0,0
E100576,6,3,4,3,3,4,18,3,3,0,0,3,1,0,0,0,1,0,1,0,1,0,0,0,0,0,0,0,0,0,1
E100577,26,4,3,2,2,1,15,3,2,3,0,3,1,0,0,0,1,1,0,0,0,1,0,0,0,0,0,0,0,0,1
E100578,1,3,3,3,1,3,14,4,2,2,1,3,0,1,0,0,1,1,0,0,0,0,0,0,1,0,1,0,0,0,0
E100580,6,3,4,2,3,4,12,4,3,7,12,3,1,0,0,0,1,1,0,0,0,0,1,0,0,0,0,0,0,0,1
E100581,3,3,4,3,2,1,14,4,3,2,0,3,1,0,0,1,0,1,0,0,0,1,0,0,0,0,0,0,0,0,1
E100582,5,2,4,3,2,2,16,4,4,11,3,3,0,1,0,0,1,1,0,0,1,0,0,0,0,0,1,0,0,0,0
E100584,11,3,2,3,3,4,14,3,3,8,0,3,0,1,1,0,0,0,1,0,0,0,0,1,0,0,1,0,0,0,0
E100586,1,4,3,1,2,3,12,4,3,4,1,3,0,1,0,1,0,1,0,0,0,0,1,0,0,0,1,0,0,0,0
E100589,4,4,1,3,1,4,17,3,3,8,5,2,0,1,1,0,0,1,0,0,0,1,0,0,0,0,0,0,0,0,1
E100590,1,1,2,3,3,4,14,4,3,10,4,2,1,0,0,1,0,1,0,0,0,0,1,0,0,0,0,0,0,0,1
E100592,1,3,3,3,3,3,14,1,4,7,0,4,1,0,0,0,1,1,0,0,0,1,0,0,0,0,0,0,0,0,1
E100593,18,1,3,2,1,4,13,3,2,3,0,3,0,1,0,0,1,0,1,0,0,0,1,0,0,0,1,0,0,0,0
E100594,2,3,3,2,1,4,15,2,2,2,2,3,1,0,0,0,1,1,0,0,1,0,0,0,0,0,1,0,0,0,0
E100597,4,2,3,3,5,4,11,4,3,17,11,3,0,1,0,1,0,1,0,0,0,0,0,0,1,0,1,0,0,0,0
E100599,6,2,2,3,1,3,17,4,2,2,2,2,0,1,0,1,0,1,0,0,0,0,1,0,0,0,0,0,1,0,0
E100601,1,4,4,3,5,4,11,3,2,0,0,3,1,0,1,0,0,1,0,0,0,0,1,0,0,0,0,0,0,0,1
E100603,14,3,3,3,1,4,13,3,1,4,0,3,0,1,0,1,0,0,1,0,0,0,1,0,0,0,1,0,0,0,0
E100605,16,3,4,3,4,4,22,3,3,13,1,4,1,0,0,1,0,0,1,0,0,1,0,0,0,0,0,0,0,0,1
E100606,2,2,1,3,1,1,20,1,4,7,1,3,1,0,0,1,0,1,0,0,1,0,0,0,0,0,1,0,0,0,0
E100607,2,4,1,2,5,3,18,4,4,7,15,2,0,1,0,0,1,0,1,0,1,0,0,0,0,0,0,0,0,0,1
E100609,1,3,4,2,1,3,14,4,1,2,1,3,0,1,0,0,1,0,1,0,1,0,0,0,0,0,1,0,0,0,0
E100610,1,4,3,3,1,3,14,3,3,2,1,3,1,0,1,0,0,1,0,0,0,0,1,0,0,1,0,0,0,0,0
E100611,26,4,3,3,2,4,18,1,3,2,2,3,0,1,0,1,0,1,0,0,0,1,0,0,0,0,0,0,0,0,1
E100612,19,2,3,3,2,1,16,1,2,0,0,3,0,1,1,0,0,1,0,0,1,0,0,0,0,1,0,0,0,0,0
E100615,3,4,2,3,3,3,12,1,3,2,2,2,0,1,1,0,0,1,0,0,0,0,1,0,0,0,1,0,0,0,0
E100616,5,4,3,2,1,4,13,3,2,2,0,3,1,0,0,1,0,1,0,0,1,0,0,0,0,0,1,0,0,0,0
E100617,2,4,4,2,2,1,13,2,3,9,5,3,0,1,0,1,0,1,0,0,1,0,0,0,0,0,1,0,0,0,0
E100618,1,2,3,2,1,1,14,1,2,1,0,3,1,0,0,1,0,1,0,0,0,0,1,0,0,0,1,0,0,0,0
E100619,7,4,1,4,2,3,17,4,3,2,0,4,0,1,0,1,0,1,0,0,1,0,0,0,0,0,1,0,0,0,0
E100620,10,3,1,3,3,3,11,2,3,0,0,3,0,1,1,0,0,1,0,0,0,0,1,0,0,0,1,0,0,0,0
E100621,2,4,3,3,3,3,25,4,3,6,11,4,1,0,0,0,1,1,0,0,0,0,0,0,1,0,1,0,0,0,0
E100625,17,2,4,4,2,1,13,3,3,2,0,3,1,0,0,0,1,0,1,0,1,0,0,0,0,0,1,0,0,0,0
E100627,20,2,4,3,2,4,14,4,3,2,0,3,0,1,1,0,0,1,0,0,0,1,0,0,0,0,0,0,0,0,1
E100628,1,3,1,3,2,3,12,4,3,2,1,3,1,0,0,1,0,1,0,0,1,0,0,0,0,0,1,0,0,0,0
E100629,2,3,4,2,1,1,11,3,3,6,7,3,1,0,1,0,0,0,1,0,0,0,1,0,0,0,1,0,0,0,0
E100630,2,2,1,3,5,3,19,4,3,7,3,2,0,1,1,0,0,1,0,0,0,0,1,0,0,1,0,0,0,0,0
E100631,1,3,3,3,1,4,11,2,2,0,0,3,0,1,0,1,0,1,0,0,1,0,0,0,0,0,1,0,0,0,0
E100637,7,3,2,4,1,2,20,3,1,1,0,3,0,1,0,1,0,1,0,0,1,0,0,0,0,0,1,0,0,0,0
E100639,2,2,4,2,2,4,18,4,3,7,7,3,0,1,0,1,0,1,0,0,1,0,0,0,0,0,0,0,0,0,1
E100640,2,1,4,2,2,1,13,4,3,2,0,3,0,1,0,0,1,1,0,0,0,0,0,0,1,0,1,0,0,0,0
E100641,2,3,3,1,4,2,12,2,2,7,7,3,1,0,0,1,0,0,1,0,0,0,0,0,1,0,0,0,0,0,1
E100642,2,4,1,3,1,3,11,3,1,0,0,3,0,1,0,0,1,1,0,0,1,0,0,0,0,0,1,0,0,0,0
E100644,2,3,1,2,2,2,19,2,3,0,0,3,0,1,0,1,0,1,0,0,0,0,1,0,0,0,0,0,0,0,1
E100645,23,3,2,2,2,4,21,2,3,0,7,4,0,1,0,1,0,1,0,0,0,0,1,0,0,1,0,0,0,0,0
E100647,5,2,2,4,2,1,12,4,3,3,1,3,0,1,1,0,0,1,0,0,1,0,0,0,0,0,1,0,0,0,0
E100650,20,2,3,3,4,4,14,2,3,7,4,3,0,1,0,1,0,0,1,0,0,0,1,0,0,0,1,0,0,0,0
E100652,1,3,4,3,5,1,14,3,3,10,4,3,0,1,0,0,1,0,1,0,0,0,1,0,0,0,1,0,0,0,0
E100655,9,3,4,3,1,4,23,4,2,2,0,4,0,1,0,1,0,1,0,0,0,0,1,0,0,0,1,0,0,0,0
E100656,6,4,3,3,2,4,14,2,4,4,0,4,0,1,0,1,0,1,0,0,0,0,1,0,0,0,0,0,0,0,1
E100657,3,2,4,2,1,3,17,1,4,2,1,4,0,1,0,0,1,1,0,0,0,0,1,0,0,0,1,0,0,0,0
E100658,1,4,1,3,3,4,18,1,3,2,0,3,1,0,1,0,0,0,1,0,0,0,1,0,0,0,1,0,0,0,0
E100659,22,3,2,4,3,2,18,2,2,7,6,3,1,0,1,0,0,1,0,0,1,0,0,0,0,0,1,0,0,0,0
E100660,7,2,1,4,2,1,24,3,3,0,7,4,1,0,1,0,0,0,1,0,0,0,1,0,0,0,0,0,0,0,1
E100662,1,3,3,3,2,2,20,1,1,5,1,3,1,0,1,0,0,1,0,0,1,0,0,0,0,1,0,0,0,0,0
E100663,4,1,1,3,5,2,14,1,2,4,1,2,0,1,1,0,0,1,0,0,1,0,0,0,0,0,1,0,0,0,0
E100664,3,4,3,3,4,3,16,4,2,3,1,3,0,1,0,1,0,0,1,0,0,0,1,0,0,0,1,0,0,0,0
E100665,1,1,2,3,2,3,25,3,3,16,11,2,0,1,0,1,0,1,0,0,1,0,0,0,0,0,0,0,0,0,1
E100668,11,2,1,3,2,1,13,3,3,3,3,3,0,1,0,1,0,0,1,0,0,0,1,0,0,0,1,0,0,0,0
E100669,1,3,4,3,1,4,12,2,3,12,5,3,1,0,0,0,1,1,0,0,1,0,0,0,0,0,1,0,0,0,0
E100670,24,3,4,3,1,3,22,4,1,0,0,3,0,1,1,0,0,0,1,0,1,0,0,0,0,0,1,0,0,0,0
E100671,23,4,4,3,2,4,14,2,3,2,1,3,0,1,1,0,0,1,0,0,1,0,0,0,0,0,1,0,0,0,0
E100672,16,4,1,3,1,2,13,4,3,2,0,3,0,1,1,0,0,0,1,0,0,0,1,0,0,1,0,0,0,0,0
E100673,8,2,4,3,1,4,21,4,3,3,0,4,1,0,0,0,1,1,0,0,1,0,0,0,0,0,1,0,0,0,0
E100674,10,4,3,3,5,1,11,4,3,2,1,3,1,0,0,0,1,0,1,0,1,0,0,0,0,0,1,0,0,0,0
E100677,5,3,4,3,1,2,11,3,2,2,2,3,1,0,1,0,0,1,0,0,0,1,0,0,0,0,0,0,0,0,1
E100679,4,4,4,2,2,4,12,2,3,7,7,3,0,1,0,0,1,0,1,0,0,1,0,0,0,0,0,0,0,0,1
E100681,9,3,2,3,1,4,12,3,2,2,1,2,0,1,0,1,0,0,1,0,0,0,1,0,0,0,1,0,0,0,0
E100682,26,3,3,3,4,2,14,4,4,4,4,3,1,0,0,1,0,1,0,0,0,1,0,0,0,0,0,0,0,0,1
E100683,3,3,3,3,1,3,13,3,3,0,0,3,0,1,0,0,1,1,0,0,1,0,0,0,0,0,1,0,0,0,0
E100684,16,3,3,3,3,2,15,3,2,9,6,3,0,1,0,1,0,1,0,0,0,1,0,0,0,0,0,0,0,0,1
E100685,18,4,3,4,1,4,18,4,3,0,0,3,0,1,0,1,0,1,0,0,1,0,0,0,0,0,1,0,0,0,0
E100686,2,3,4,1,2,2,18,4,3,1,1,3,0,1,1,0,0,1,0,0,0,0,1,0,0,0,1,0,0,0,0
E100688,2,4,4,3,4,2,19,2,3,10,0,3,0,1,0,0,1,1,0,0,1,0,0,0,0,0,0,0,0,0,1
E100689,10,3,4,2,1,3,12,1,3,0,0,3,1,0,0,0,1,1,0,0,0,0,1,0,0,0,0,0,0,0,1
E100690,16,2,2,4,2,1,19,3,3,3,0,3,0,1,0,0,1,1,0,0,0,0,1,0,0,1,0,0,0,0,0
E100695,1,3,3,4,3,4,17,1,2,10,3,3,0,1,1,0,0,1,0,0,0,0,1,0,0,0,1,0,0,0,0
E100697,24,4,2,3,2,2,15,3,3,8,0,3,1,0,0,1,0,1,0,0,1,0,0,0,0,0,1,0,0,0,0
E100698,7,3,4,2,2,3,14,3,2,8,4,3,0,1,0,1,0,1,0,0,1,0,0,0,0,0,0,0,0,0,1
E100699,25,2,1,2,3,2,17,3,3,8,0,3,1,0,0,1,0,1,0,0,1,0,0,0,0,0,1,0,0,0,0
E100701,5,4,3,3,1,4,12,3,3,2,0,3,0,1,0,1,0,0,1,0,0,0,0,0,1,0,1,0,0,0,0
E100702,2,3,1,2,2,1,12,4,3,2,1,2,0,1,0,1,0,1,0,1,0,0,0,0,0,0,0,0,1,0,0
E100703,7,3,1,3,3,1,18,1,3,9,9,3,0,1,1,0,0,1,0,0,1,0,0,0,0,0,1,0,0,0,0
E100704,2,4,3,3,1,4,18,2,1,2,2,3,0,1,1,0,0,0,1,0,1,0,0,0,0,0,1,0,0,0,0
E100706,5,4,4,3,3,2,11,2,3,6,8,3,1,0,0,1,0,1,0,0,1,0,0,0,0,0,1,0,0,0,0
E100707,10,1,3,3,4,1,14,4,3,9,11,3,0,1,0,1,0,0,1,0,0,0,1,0,0,0,1,0,0,0,0
E100708,10,4,3,3,1,4,19,1,3,7,1,3,1,0,0,0,1,1,0,0,1,0,0,0,0,0,1,0,0,0,0
E100709,1,2,3,2,4,3,12,4,3,1,0,3,1,0,0,0,1,0,1,0,0,0,0,0,1,0,1,0,0,0,0
E100712,5,3,3,3,1,2,12,2,2,3,1,3,1,0,0,0,1,0,1,0,1,0,0,0,0,0,1,0,0,0,0
E100714,8,2,3,2,2,2,11,4,3,12,11,3,1,0,0,1,0,0,1,0,0,0,0,0,1,0,0,0,0,0,1
E100715,2,3,4,3,2,3,11,1,3,4,0,3,0,1,0,0,1,0,1,0,1,0,0,0,0,0,0,0,0,0,1
E100716,7,3,4,3,2,4,12,4,3,7,1,3,0,1,1,0,0,1,0,0,0,1,0,0,0,0,0,0,0,0,1
E100717,2,4,1,4,2,4,16,3,2,7,0,3,1,0,0,0,1,1,0,0,0,0,1,0,0,0,1,0,0,0,0
E100719,28,2,4,3,2,4,13,4,3,8,1,3,1,0,0,1,0,1,0,0,0,0,1,0,0,0,1,0,0,0,0
E100722,7,2,3,2,5,4,15,1,3,9,13,3,0,1,0,1,0,1,0,0,0,0,1,0,0,0,1,0,0,0,0
E100723,3,2,4,3,2,3,18,1,2,0,0,3,1,0,0,1,0,0,1,0,0,0,1,0,0,0,0,0,0,0,1
E100724,10,3,2,2,2,4,14,3,2,7,0,4,0,1,0,0,1,1,0,0,0,1,0,0,0,0,0,0,0,0,1
E100725,5,5,4,3,5,3,11,2,3,2,1,3,0,1,0,1,0,1,0,0,1,0,0,0,0,1,0,0,0,0,0
E100727,1,1,3,3,2,2,13,4,3,4,1,3,0,1,0,1,0,0,1,0,0,1,0,0,0,0,0,0,0,0,1
E100729,7,3,3,3,3,1,16,1,2,0,0,3,1,0,0,1,0,1,0,0,1,0,0,0,0,0,1,0,0,0,0
E100730,8,4,4,3,2,4,14,1,3,9,9,3,0,1,0,1,0,1,0,0,0,0,0,1,0,0,1,0,0,0,0
E100731,1,2,2,1,2,4,22,3,2,3,0,3,0,1,0,1,0,0,1,0,0,0,1,0,0,0,0,0,0,0,1
E100732,8,4,2,1,1,1,11,4,2,7,0,3,0,1,0,1,0,0,1,0,0,0,0,1,0,0,1,0,0,0,0
E100734,5,3,4,2,2,3,13,3,3,9,1,3,1,0,1,0,0,1,0,0,0,1,0,0,0,0,0,0,0,0,1
E100736,8,4,2,3,2,2,18,1,3,7,0,3,1,0,0,1,0,1,0,0,0,1,0,0,0,0,0,0,0,0,1
E100738,5,2,4,3,2,4,16,3,2,2,0,3,0,1,1,0,0,1,0,0,0,0,1,0,0,0,1,0,0,0,0
E100739,15,2,3,2,3,4,14,2,3,10,2,3,0,1,1,0,0,0,1,0,1,0,0,0,0,0,1,0,0,0,0
E100740,7,4,3,3,3,4,14,3,2,9,4,3,1,0,0,0,1,0,1,0,0,0,1,0,0,0,1,0,0,0,0
E100741,10,1,4,2,2,2,14,1,3,7,1,3,1,0,1,0,0,0,1,0,0,1,0,0,0,0,0,0,0,0,1
E100742,5,4,3,3,3,2,13,4,3,6,0,3,0,1,0,0,1,1,0,0,0,0,0,0,1,0,1,0,0,0,0
E100744,6,3,4,2,2,2,15,4,3,4,1,3,0,1,0,0,1,0,1,0,0,0,1,0,0,0,1,0,0,0,0
E100745,4,1,2,3,2,3,19,1,3,0,0,3,0,1,0,0,1,1,0,0,0,0,1,0,0,0,0,0,0,0,1
E100746,23,5,1,3,4,4,14,2,3,0,0,3,1,0,0,0,1,1,0,0,1,0,0,0,0,0,1,0,0,0,0
E100747,2,3,4,3,2,3,14,1,2,3,0,3,0,1,0,1,0,1,0,0,1,0,0,0,0,0,0,0,0,0,1
E100748,2,1,3,3,1,3,11,3,3,2,1,3,0,1,1,0,0,0,1,0,0,0,0,0,1,0,0,0,1,0,0
E100752,6,3,3,4,2,1,13,1,3,7,6,3,0,1,1,0,0,0,1,0,0,0,1,0,0,0,1,0,0,0,0
E100754,1,3,3,3,2,3,17,2,3,7,7,3,0,1,0,1,0,1,0,0,1,0,0,0,0,0,0,0,0,0,1
E100756,1,1,1,2,1,2,11,3,3,2,1,2,1,0,0,0,1,0,1,0,0,0,0,0,1,0,0,0,0,0,1
E100757,1,5,4,3,2,4,15,2,3,0,0,3,1,0,0,0,1,1,0,0,0,0,1,0,0,0,0,0,0,0,1
E100759,3,4,1,2,3,4,11,1,3,9,1,2,0,1,0,1,0,1,0,0,0,0,1,0,0,0,0,0,0,0,1
E100760,1,4,4,3,2,3,11,3,3,2,1,3,0,1,0,1,0,1,0,0,0,0,1,0,0,0,1,0,0,0,0
E100761,10,4,4,4,1,3,13,3,3,7,1,3,1,0,0,1,0,0,1,0,1,0,0,0,0,0,1,0,0,0,0
E100762,9,2,1,3,1,4,24,3,2,2,2,2,0,1,0,0,1,1,0,0,0,0,1,0,0,0,0,0,0,0,1
E100766,4,3,1,3,2,2,18,3,3,7,7,2,0,1,0,0,1,1,0,0,0,1,0,0,0,0,0,0,0,0,1
E100770,22,2,3,2,2,3,12,1,3,4,1,3,0,1,0,1,0,0,1,0,0,1,0,0,0,0,0,0,0,0,1
E100771,9,4,3,2,1,2,16,4,3,2,2,3,0,1,0,0,1,0,1,0,1,0,0,0,0,0,1,0,0,0,0
E100772,12,3,3,4,1,2,15,4,3,0,0,3,1,0,0,0,1,1,0,0,1,0,0,0,0,0,0,0,0,0,1
E100773,23,3,4,3,1,4,16,4,3,2,1,3,0,1,0,0,1,1,0,0,1,0,0,0,0,0,1,0,0,0,0
E100774,9,4,3,2,2,2,19,3,3,1,0,3,0,1,0,0,1,1,0,0,1,0,0,0,0,0,1,0,0,0,0
E100775,1,2,4,3,1,2,11,2,3,2,0,3,0,1,1,0,0,1,0,0,0,0,1,0,0,1,0,0,0,0,0
E100776,9,4,2,3,2,4,16,4,3,5,0,3,0,1,0,0,1,1,0,0,1,0,0,0,0,0,0,0,0,0,1
E100777,7,3,2,2,3,3,24,3,3,2,0,3,0,1,0,0,1,1,0,0,0,0,0,1,0,0,1,0,0,0,0
E100778,14,2,3,3,2,4,11,3,2,7,0,3,1,0,0,1,0,1,0,0,1,0,0,0,0,0,0,0,0,0,1
E100779,2,3,4,3,1,3,13,2,3,2,2,3,1,0,0,1,0,1,0,0,1,0,0,0,0,0,1,0,0,0,0
E100780,19,3,1,4,2,4,13,2,2,2,0,3,0,1,0,0,1,0,1,0,0,1,0,0,0,0,0,0,0,0,1
E100783,2,3,3,3,4,4,13,3,3,4,1,3,1,0,0,0,1,0,1,0,1,0,0,0,0,0,1,0,0,0,0
E100786,2,1,3,3,1,2,18,1,3,0,0,3,0,1,0,1,0,1,0,0,0,0,0,0,1,0,0,0,0,0,1
E100788,3,1,3,3,1,1,22,3,3,4,0,4,0,1,0,0,1,1,0,0,0,0,0,0,1,0,1,0,0,0,0
E100789,11,3,1,3,1,2,13,4,3,1,1,3,1,0,0,1,0,1,0,0,0,0,1,0,0,0,1,0,0,0,0
E100791,2,2,2,2,3,3,13,2,3,9,9,2,0,1,0,1,0,1,0,0,0,0,1,0,0,0,0,0,0,0,1
E100792,4,3,3,3,1,4,23,3,3,0,0,4,0,1,0,0,1,0,1,0,0,0,0,0,1,0,1,0,0,0,0
E100793,14,3,4,3,1,1,12,3,2,7,12,3,1,0,1,0,0,1,0,0,1,0,0,0,0,0,1,0,0,0,0
E100794,2,2,4,3,2,2,12,3,3,4,1,3,1,0,1,0,0,1,0,0,0,1,0,0,0,0,0,0,0,0,1
E100796,10,4,3,3,2,2,12,4,2,0,0,3,0,1,0,0,1,0,1,0,1,0,0,0,0,0,1,0,0,0,0
E100798,12,3,1,2,4,2,11,3,3,10,3,2,0,1,1,0,0,1,0,0,1,0,0,0,0,0,1,0,0,0,0
E100799,2,3,2,2,2,3,22,2,3,0,0,4,1,0,0,1,0,1,0,0,0,0,1,0,0,0,1,0,0,0,0
E100800,5,2,1,3,5,1,11,3,2,2,1,3,0,1,0,1,0,1,0,0,0,0,1,0,0,0,1,0,0,0,0
E100802,7,2,2,3,2,1,12,2,1,10,3,3,1,0,0,1,0,1,0,0,0,0,1,0,0,0,1,0,0,0,0
E100803,21,3,4,3,1,4,20,1,3,2,1,4,0,1,0,1,0,1,0,0,0,0,1,0,0,0,1,0,0,0,0
E100805,4,2,2,2,2,4,11,2,3,4,1,2,1,0,0,0,1,0,1,0,1,0,0,0,0,0,0,0,0,0,1
E100807,25,5,2,3,2,3,15,1,3,11,10,3,1,0,0,1,0,0,1,0,0,0,1,0,0,0,1,0,0,0,0
E100808,1,2,4,2,1,1,12,3,3,2,3,3,0,1,0,1,0,1,0,0,1,0,0,0,0,0,1,0,0,0,0
E100809,1,1,2,3,5,3,14,3,3,8,1,2,0,1,1,0,0,0,1,0,1,0,0,0,0,0,1,0,0,0,0
E100811,12,3,2,3,2,3,11,2,3,4,4,2,1,0,0,0,1,1,0,0,0,0,0,0,1,0,0,0,0,0,1
E100812,1,3,2,4,3,1,16,3,3,7,0,3,0,1,0,1,0,1,0,0,0,1,0,0,0,0,0,0,0,0,1
E100814,17,2,3,3,2,1,12,4,3,0,1,3,0,1,1,0,0,1,0,0,0,0,1,0,0,0,1,0,0,0,0
E100816,3,3,1,3,1,1,13,3,3,2,0,3,0,1,0,1,0,1,0,0,0,0,1,0,0,0,1,0,0,0,0
E100821,3,3,4,2,3,3,14,3,3,4,0,3,0,1,0,1,0,0,1,0,0,0,1,0,0,0,1,0,0,0,0
E100822,10,2,1,3,1,4,21,4,2,2,0,3,0,1,0,1,0,1,0,0,1,0,0,0,0,0,1,0,0,0,0
E100824,4,2,4,3,4,4,13,4,1,2,1,3,1,0,0,1,0,1,0,0,1,0,0,0,0,1,0,0,0,0,0
E100825,29,2,1,3,2,3,11,2,3,4,0,3,1,0,1,0,0,1,0,0,1,0,0,0,0,0,1,0,0,0,0
E100826,2,3,3,1,2,4,20,3,3,4,0,4,1,0,0,0,1,1,0,0,1,0,0,0,0,0,1,0,0,0,0
E100827,7,3,1,3,5,1,11,4,1,8,11,3,1,0,0,1,0,1,0,0,1,0,0,0,0,0,1,0,0,0,0
E100828,18,3,3,3,2,3,14,3,2,7,0,3,1,0,1,0,0,1,0,0,0,0,1,0,0,1,0,0,0,0,0
E100832,1,1,1,3,1,2,16,2,3,3,1,3,1,0,0,0,1,0,1,0,0,0,0,0,1,0,0,0,0,0,1
E100833,6,2,4,1,1,3,16,4,2,2,1,3,1,0,1,0,0,1,0,0,0,1,0,0,0,0,0,0,0,0,1
E100834,2,2,4,3,1,4,23,3,3,0,0,4,0,1,0,1,0,0,1,0,1,0,0,0,0,1,0,0,0,0,0
E100836,2,4,3,3,5,3,14,4,3,15,1,3,1,0,0,1,0,1,0,0,1,0,0,0,0,0,0,0,0,0,1
E100838,23,3,1,3,1,4,22,2,1,2,0,3,1,0,1,0,0,1,0,0,1,0,0,0,0,0,1,0,0,0,0
E100840,3,3,3,3,1,4,15,3,1,3,1,3,0,1,0,1,0,1,0,0,1,0,0,0,0,0,1,0,0,0,0
E100842,3,4,2,2,3,3,18,3,3,2,0,3,0,1,0,1,0,1,0,0,0,0,1,0,0,0,1,0,0,0,0
E100843,25,5,3,2,1,2,16,2,4,2,1,3,1,0,0,1,0,1,0,0,0,0,0,0,1,0,1,0,0,0,0
E100844,2,2,1,2,1,4,12,3,4,0,0,3,0,1,0,0,1,1,0,0,0,0,0,0,1,0,0,0,1,0,0
E100845,22,4,3,3,3,1,11,3,3,8,7,3,1,0,0,1,0,1,0,0,0,0,0,1,0,0,0,0,0,0,1
E100846,29,3,1,2,4,4,12,3,2,0,0,3,0,1,1,0,0,1,0,0,0,1,0,0,0,0,0,0,0,0,1
E100847,29,4,2,2,4,3,15,2,3,10,15,3,0,1,0,1,0,1,0,0,1,0,0,0,0,0,1,0,0,0,0
E100852,2,2,1,3,2,4,13,3,3,0,0,3,1,0,1,0,0,1,0,0,0,0,1,0,0,0,1,0,0,0,0
E100853,2,3,1,3,4,3,13,3,1,2,0,3,0,1,0,1,0,1,0,0,1,0,0,0,0,0,1,0,0,0,0
E100855,22,3,4,1,1,3,15,3,3,4,4,3,0,1,0,0,1,1,0,0,1,0,0,0,0,0,1,0,0,0,0
E100856,8,4,3,3,2,3,11,3,3,0,0,3,1,0,0,0,1,1,0,0,1,0,0,0,0,0,1,0,0,0,0
E100857,2,4,4,2,1,3,12,3,3,3,5,3,0,1,1,0,0,1,0,0,1,0,0,0,0,0,1,0,0,0,0
E100858,10,3,3,2,3,4,19,3,3,2,1,3,1,0,0,1,0,0,1,0,0,1,0,0,0,0,0,0,0,0,1
E100859,9,1,3,3,3,2,25,4,4,8,0,3,0,1,1,0,0,1,0,0,1,0,0,0,0,0,1,0,0,0,0
E100860,15,1,2,3,3,3,12,4,4,6,7,2,0,1,0,1,0,0,1,0,0,0,1,0,0,0,1,0,0,0,0
E100862,10,1,1,1,1,4,13,1,3,3,1,3,0,1,1,0,0,1,0,0,0,0,1,0,0,0,1,0,0,0,0
E100863,7,1,4,3,1,2,14,1,3,2,1,3,0,1,0,0,1,1,0,0,0,1,0,0,0,0,0,0,0,0,1
E100864,16,3,4,3,3,3,12,3,3,7,0,3,0,1,0,1,0,0,1,0,1,0,0,0,0,0,1,0,0,0,0
E100865,20,3,1,3,3,3,12,1,3,0,0,3,0,1,0,1,0,1,0,0,1,0,0,0,0,0,1,0,0,0,0
E100868,23,3,2,3,3,1,15,3,3,2,0,3,1,0,1,0,0,0,1,1,0,0,0,0,0,0,0,0,1,0,0
E100869,5,2,2,3,1,3,17,4,3,2,2,3,0,1,0,1,0,1,0,0,0,0,0,1,0,1,0,0,0,0,0
E100870,10,4,2,3,3,4,14,4,2,3,9,2,0,1,0,0,1,1,0,0,0,0,1,0,0,0,0,0,0,0,1
E100871,4,1,3,2,1,3,16,3,3,2,1,3,0,1,0,0,1,1,0,0,0,0,0,0,1,0,1,0,0,0,0
E100873,2,5,2,3,2,4,14,1,3,7,6,2,1,0,0,1,0,1,0,0,0,1,0,0,0,0,0,0,0,0,1
E100875,18,5,1,3,4,2,23,4,3,9,7,2,1,0,0,0,1,1,0,0,1,0,0,0,0,0,0,0,0,0,1
E100877,10,2,4,3,2,4,14,4,3,3,1,3,0,1,0,0,1,1,0,0,1,0,0,0,0,0,0,0,0,0,1
E100878,1,3,2,3,2,3,11,3,3,9,6,2,0,1,0,1,0,1,0,0,0,1,0,0,0,0,0,0,0,0,1
E100880,8,1,3,3,1,3,11,1,3,3,0,3,1,0,0,1,0,1,0,0,1,0,0,0,0,0,1,0,0,0,0
E100882,2,1,2,3,2,4,13,3,4,5,0,3,0,1,0,0,1,0,1,0,1,0,0,0,0,0,0,0,0,0,1
E100883,24,3,4,3,3,1,21,4,2,9,5,4,0,1,0,1,0,0,1,0,0,0,1,0,0,0,1,0,0,0,0
E100884,2,3,4,3,2,2,19,2,4,7,3,3,0,1,0,1,0,1,0,0,0,0,0,1,0,0,0,0,0,0,1
E100890,1,5,1,4,4,3,19,3,3,1,0,3,1,0,1,0,0,1,0,0,0,0,1,0,0,0,1,0,0,0,0
E100891,7,3,3,2,3,4,21,3,2,4,0,4,0,1,1,0,0,1,0,0,1,0,0,0,0,0,0,0,0,0,1
E100892,5,3,2,3,1,2,14,4,3,0,0,3,0,1,0,0,1,0,1,0,0,1,0,0,0,0,0,0,0,0,1
E100893,28,3,3,1,3,1,15,3,3,0,0,3,0,1,1,0,0,1,0,0,0,0,0,1,0,0,0,0,0,0,1
E100894,2,4,1,2,2,3,17,1,3,7,0,3,1,0,0,0,1,0,1,0,0,0,0,1,0,0,1,0,0,0,0
E100898,1,3,1,3,2,3,16,4,3,4,0,3,1,0,0,0,1,1,0,0,0,0,1,0,0,0,0,0,0,0,1
E100899,21,4,4,4,2,4,12,4,3,7,5,3,0,1,0,0,1,1,0,0,1,0,0,0,0,0,0,0,0,0,1
E100900,24,3,3,1,1,4,18,2,1,0,0,3,0,1,0,0,1,0,1,0,0,0,0,0,1,0,1,0,0,0,0
E100901,1,3,2,3,3,4,17,4,4,5,1,4,1,0,0,0,1,1,0,0,0,0,0,0,1,0,1,0,0,0,0
E100902,18,1,1,3,3,3,11,4,2,2,1,2,1,0,0,1,0,1,0,0,0,0,1,0,0,0,1,0,0,0,0
E100903,2,5,2,3,4,1,16,2,3,16,11,2,1,0,0,1,0,1,0,0,1,0,0,0,0,0,0,0,0,0,1
E100908,6,2,4,3,2,1,12,2,3,9,6,3,0,1,1,0,0,0,1,0,0,0,0,0,1,0,1,0,0,0,0
E100912,10,3,3,3,2,3,19,3,3,0,0,3,1,0,0,1,0,1,0,0,0,0,1,0,0,1,0,0,0,0,0
E100913,1,4,2,3,2,2,12,2,2,5,4,3,1,0,0,1,0,1,0,0,1,0,0,0,0,0,1,0,0,0,0
E100916,18,4,4,2,5,3,17,3,3,9,0,3,0,1,1,0,0,0,1,0,1,0,0,0,0,0,1,0,0,0,0
E100917,23,3,2,4,1,4,11,2,3,5,1,3,0,1,0,1,0,0,1,0,0,0,1,0,0,0,1,0,0,0,0
E100919,28,2,1,3,2,2,20,4,4,3,1,3,0,1,0,1,0,1,0,0,0,1,0,0,0,0,0,0,0,0,1
E100921,17,2,4,2,1,2,21,4,3,0,0,4,0,1,0,1,0,1,0,0,0,0,0,1,0,0,1,0,0,0,0
E100922,3,3,1,3,5,2,11,3,3,5,10,2,0,1,0,1,0,1,0,0,0,0,1,0,0,0,0,0,1,0,0
E100923,13,1,2,3,1,3,11,3,3,4,0,3,0,1,0,1,0,1,0,0,0,0,1,0,0,0,0,0,0,0,1
E100925,7,3,1,3,1,3,16,4,3,3,1,2,1,0,0,1,0,0,1,0,1,0,0,0,0,0,1,0,0,0,0
E100927,1,2,2,2,1,4,13,4,3,5,1,3,0,1,0,1,0,0,1,0,1,0,0,0,0,0,1,0,0,0,0
E100928,13,4,2,3,2,1,17,3,1,1,1,3,0,1,1,0,0,1,0,0,0,0,1,0,0,0,0,0,0,0,1
E100931,6,4,1,4,2,4,22,4,4,7,5,2,0,1,1,0,0,1,0,0,0,0,1,0,0,0,0,0,0,0,1
E100933,6,4,1,2,1,3,12,3,2,3,0,3,1,0,1,0,0,1,0,0,0,0,1,0,0,0,1,0,0,0,0
E100934,2,3,4,3,2,3,11,3,2,0,1,3,0,1,0,1,0,0,1,0,0,1,0,0,0,0,0,0,0,0,1
E100937,2,4,3,3,2,4,13,2,3,2,2,3,1,0,0,1,0,1,0,0,1,0,0,0,0,0,1,0,0,0,0
E100939,6,4,2,2,4,4,14,3,2,0,0,3,0,1,1,0,0,0,1,0,0,0,0,1,0,0,1,0,0,0,0
E100940,1,1,3,3,1,1,17,4,2,0,0,3,1,0,0,0,1,1,0,0,1,0,0,0,0,0,1,0,0,0,0
E100941,9,5,4,3,2,3,13,2,3,7,4,3,0,1,1,0,0,0,1,0,0,0,1,0,0,0,1,0,0,0,0
E100942,1,4,4,2,4,1,11,1,1,2,0,3,1,0,0,1,0,1,0,0,1,0,0,0,0,0,1,0,0,0,0
E100943,1,4,1,2,2,3,11,2,4,2,0,3,1,0,0,0,1,1,0,0,1,0,0,0,0,0,0,0,1,0,0
E100944,14,3,3,3,1,3,18,4,3,2,0,3,1,0,1,0,0,0,1,0,0,0,0,0,1,0,0,0,0,0,1
E100945,2,1,3,3,1,1,11,2,3,3,0,3,0,1,1,0,0,1,0,0,0,1,0,0,0,0,0,0,0,0,1
E100947,22,1,3,3,1,3,11,3,3,2,1,3,0,1,0,0,1,1,0,0,0,0,0,0,1,0,0,0,0,0,1
E100949,3,4,4,3,5,4,12,1,4,2,0,3,0,1,0,1,0,0,1,0,0,0,0,1,0,0,1,0,0,0,0
E100953,6,1,1,3,1,3,20,4,3,2,2,3,0,1,0,1,0,1,0,0,0,0,1,0,0,0,1,0,0,0,0
E100957,9,4,1,3,2,4,12,4,2,4,0,3,1,0,0,1,0,0,1,0,1,0,0,0,0,0,1,0,0,0,0
E100958,3,3,3,3,1,3,20,3,3,0,0,4,1,0,1,0,0,1,0,0,0,0,1,0,0,0,1,0,0,0,0
E100961,1,5,2,3,1,4,12,4,2,9,8,3,0,1,0,1,0,1,0,0,1,0,0,0,0,0,1,0,0,0,0
E100964,6,3,3,3,1,4,13,3,3,2,0,3,1,0,0,1,0,0,1,0,1,0,0,0,0,0,1,0,0,0,0
E100967,3,3,3,3,3,3,15,3,3,7,7,3,0,1,0,1,0,1,0,0,0,0,0,1,0,0,1,0,0,0,0
E100968,3,2,2,3,2,3,14,1,2,0,1,3,1,0,0,1,0,1,0,0,0,0,1,0,0,0,0,0,0,0,1
E100969,6,4,2,1,2,4,13,2,3,11,11,3,0,1,0,0,1,1,0,0,1,0,0,0,0,0,1,0,0,0,0
E100976,19,4,3,3,3,2,15,3,4,7,7,3,0,1,0,1,0,1,0,0,0,0,1,0,0,0,0,0,1,0,0
E100977,9,2,2,2,2,2,11,3,3,2,0,3,0,1,1,0,0,0,1,0,0,0,1,0,0,0,1,0,0,0,0
E100979,10,1,4,3,1,3,11,4,3,0,1,3,0,1,0,0,1,0,1,0,0,0,1,0,0,0,1,0,0,0,0
E100980,3,3,1,3,1,1,11,1,3,8,9,3,0,1,0,0,1,0,1,0,1,0,0,0,0,0,1,0,0,0,0
E100983,4,3,1,4,1,1,16,1,4,2,0,4,0,1,0,1,0,1,0,0,0,0,1,0,0,0,1,0,0,0,0
E100985,8,3,4,4,2,2,22,3,3,2,1,4,0,1,0,1,0,1,0,0,1,0,0,0,0,0,0,0,0,0,1
E100987,7,4,4,2,2,4,20,1,3,7,0,4,1,0,0,0,1,1,0,0,0,1,0,0,0,0,0,0,0,0,1
E100988,1,4,2,1,1,4,18,4,3,7,2,3,0,1,1,0,0,1,0,0,1,0,0,0,0,0,1,0,0,0,0
E100990,2,1,2,4,2,2,12,4,3,2,2,3,0,1,0,1,0,1,0,0,0,1,0,0,0,0,0,0,0,0,1
E100992,3,1,4,4,2,4,20,2,3,5,0,4,1,0,1,0,0,0,1,0,0,0,1,0,0,0,0,0,0,0,1
E100993,10,2,4,4,1,4,17,1,3,0,0,3,0,1,0,0,1,1,0,0,1,0,0,0,0,0,1,0,0,0,0
E100994,28,1,4,4,1,3,11,3,3,8,3,3,0,1,0,1,0,0,1,0,0,0,1,0,0,0,1,0,0,0,0
E100995,9,3,4,2,3,2,14,2,4,7,7,3,1,0,0,0,1,1,0,0,0,0,1,0,0,1,0,0,0,0,0
E100998,3,2,1,3,2,3,14,1,3,2,2,2,1,0,0,0,1,1,0,0,1,0,0,0,0,0,0,0,0,0,1
